ep_date,dt,role,name
Friday May,NA,host,Ellen Fanning
"

 Health Care Special",NA,host,Ellen Fanning
Wednesday,NA,host,Kathryn Robinson
"

 Corangamite Special",NA,host,Ellen Fanning
Monday May 6,2019-05-05T14:00:00Z,host,Kathryn Robinson
Friday May 3,2019-05-02T14:00:00Z,host,Ellen Fanning
Thursday May 2,2019-05-01T14:00:00Z,host,Kathryn Robinson
Wednesday May 1,2019-04-30T14:00:00Z,host,Kathryn Robinson
Tuesday April 30,2019-04-29T14:00:00Z,host,Ellen Fanning
Monday April 29,2019-04-28T14:00:00Z,host,NA
"

 Rockhampton Special",NA,host,Ellen Fanning
"

 Brisbane Special",NA,host,Ellen Fanning
"

 Economics Special",NA,host,Ellen Fanning
"

 Candidates Special",NA,host,Sarah Dingle
Wednesday April 17,2019-04-16T14:00:00Z,host,Fran Kelly
"

 Election Special: Western Sydney",NA,host,Ellen Fanning
Monday April 15,2019-04-14T14:00:00Z,host,Ellen Fanning
Friday April 12,2019-04-11T14:00:00Z,host,Ellen Fanning
Thursday April 11,2019-04-10T14:00:00Z,host,Ellen Fanning
Wednesday April 10,2019-04-09T14:00:00Z,host,Ellen Fanning
Tuesday April 9,2019-04-08T14:00:00Z,host,Ellen Fanning
Monday April 8,2019-04-07T14:00:00Z,host,Ellen Fanning
Friday April 5,2019-04-04T13:00:00Z,host,Ellen Fanning
"

 Men's Special",NA,host,NA
Tuesday April 02,2019-04-01T13:00:00Z,host,John Barron
"

 Budget Special",NA,host,Ellen Fanning
Monday April 01,2019-03-31T13:00:00Z,host,NA
Thursday March 28,2019-03-27T13:00:00Z,host,Craig Reucassel
Wednesday March 27,2019-03-26T13:00:00Z,host,Craig Reucassel
Tuesday March 26,2019-03-25T13:00:00Z,host,Ellen Fanning
Monday March 25,2019-03-24T13:00:00Z,host,Ellen Fanning
Friday March 22,2019-03-21T13:00:00Z,host,Ellen Fanning
Thursday March 21,2019-03-20T13:00:00Z,host,Craig Reucassel
Wednesday March 20,2019-03-19T13:00:00Z,host,Craig Reucassel
Tuesday March 19,2019-03-18T13:00:00Z,host,Ellen Fanning
Monday March 18,2019-03-17T13:00:00Z,host,Ellen Fanning
Friday March 15,2019-03-14T13:00:00Z,host,Dr Norman Swan
Thursday March 14,2019-03-13T13:00:00Z,host,Craig Reucassel
Wednesday March 13,2019-03-12T13:00:00Z,host,Craig Reucassel
Tuesday March 12,2019-03-11T13:00:00Z,host,Ellen Fanning
Monday March 11,2019-03-10T13:00:00Z,host,John Barron
Friday March 8,2019-03-07T13:00:00Z,host,Ellen Fanning
Thursday March 7,2019-03-06T13:00:00Z,host,Ellen Fanning
Wednesday March 6,2019-03-05T13:00:00Z,host,Craig Reucassel
Tuesday March 5,2019-03-04T13:00:00Z,host,Craig Reucassel
Monday March 4,2019-03-03T13:00:00Z,host,Ellen Fanning
Friday March 1,2019-02-28T13:00:00Z,host,Ellen Fanning
Thursday February 28,2019-02-27T13:00:00Z,host,Ellen Fanning
Wednesday February 27,2019-02-26T13:00:00Z,host,NA
Tuesday February 26,2019-02-25T13:00:00Z,host,Craig Reucassel
Monday February 25,2019-02-24T13:00:00Z,host,Craig Reucassel
Friday February 22,2019-02-21T13:00:00Z,host,Ellen Fanning
Wednesday February 20,2019-02-19T13:00:00Z,host,Ellen Fanning
Tuesday February 19,2019-02-18T13:00:00Z,host,Ellen Fanning
Monday February 18,2019-02-17T13:00:00Z,host,Ellen Fanning
Friday February 15,2019-02-14T13:00:00Z,host,Julia Baird
Thursday February 14,2019-02-13T13:00:00Z,host,Julia Baird
Wednesday February 13,2019-02-12T13:00:00Z,host,Julia Baird
Tuesday February 12,2019-02-11T13:00:00Z,host,Ellen Fanning
Monday February 11,2019-02-10T13:00:00Z,host,Ellen Fanning
Friday February 8,2019-02-07T13:00:00Z,host,Ellen Fanning
Thursday February 7,2019-02-06T13:00:00Z,host,Julia Baird
Wednesday February 6,2019-02-05T13:00:00Z,host,Julia Baird
Tuesday February 5,2019-02-04T13:00:00Z,host,Ellen Fanning
Monday February 4,2019-02-03T13:00:00Z,host,Ellen Fanning
Friday February 1,2019-01-31T13:00:00Z,host,Adam Spencer
Thursday January 31,2019-01-30T13:00:00Z,host,Adam Spencer
Wednesday January 30,2019-01-29T13:00:00Z,host,Adam Spencer
Tuesday January 29,2019-01-28T13:00:00Z,host,Adam Spencer
Monday January 28,2019-01-27T13:00:00Z,host,Adam Spencer
Friday January 25,2019-01-24T13:00:00Z,host,Adam Spencer
Thursday January 24,2019-01-23T13:00:00Z,host,Adam Spencer
Tuesday January 22,2019-01-21T13:00:00Z,host,Adam Spencer
Monday January 21,2019-01-20T13:00:00Z,host,Adam Spencer
Friday January 18,2019-01-17T13:00:00Z,host,Adam Spencer
Thursday January 17,2019-01-16T13:00:00Z,host,Adam Spencer
Wednesday January 16,2019-01-15T13:00:00Z,host,Adam Spencer
Tuesday January 15,2019-01-14T13:00:00Z,host,Adam Spencer
Monday January 14,2019-01-13T13:00:00Z,host,Adam Spencer
Friday January 11,2019-01-10T13:00:00Z,host,Adam Spencer
Thursday January 10,2019-01-09T13:00:00Z,host,Adam Spencer
Wednesday January 9,2019-01-08T13:00:00Z,host,Adam Spencer
Tuesday January 8,2019-01-07T13:00:00Z,host,Adam Spencer
Friday January 4,2019-01-03T13:00:00Z,host,Adam Spencer
Thursday January 3,2019-01-02T13:00:00Z,host,Adam Spencer
Wednesday January 2,2019-01-01T13:00:00Z,host,Adam Spencer
Friday December 21,2019-12-20T13:00:00Z,host,Julia Baird
Thursday December 20,2019-12-19T13:00:00Z,host,Kathryn Robinson
Wednesday December 19,2019-12-18T13:00:00Z,host,Kathryn Robinson
Tuesday December 18,2019-12-17T13:00:00Z,host,Kathryn Robinson
Monday December 17,2019-12-16T13:00:00Z,host,Kathryn Robinson
Friday December 14,2019-12-13T13:00:00Z,host,Ellen Fanning
Thursday December 13,2019-12-12T13:00:00Z,host,Sarah Dingle
Wednesday December 12,2019-12-11T13:00:00Z,host,Ellen Fanning
Tuesday December 11,2019-12-10T13:00:00Z,host,Ellen Fanning
Monday December 10,2019-12-09T13:00:00Z,host,Ellen Fanning
Friday December 7,2019-12-06T13:00:00Z,host,Julia Baird
Thursday December 6,2019-12-05T13:00:00Z,host,Julia Baird
Wednesday December 5,2019-12-04T13:00:00Z,host,Julia Baird
Tuesday December 4,2019-12-03T13:00:00Z,host,Ellen Fanning
Monday December 3,2019-12-02T13:00:00Z,host,Ellen Fanning
Wednesday November 28,2019-11-27T13:00:00Z,host,Julia Baird
Tuesday November 27,2019-11-26T13:00:00Z,host,Ellen Fanning
Monday November 26,2019-11-25T13:00:00Z,host,Ellen Fanning
Friday November 23,2019-11-22T13:00:00Z,host,Julia Baird
Thursday November 22,2019-11-21T13:00:00Z,host,Julia Baird
Wednesday November 21,2019-11-20T13:00:00Z,host,Kathryn Robinson
Monday November 19,2019-11-18T13:00:00Z,host,Kathryn Robinson
Thursday November 15,2019-11-14T13:00:00Z,host,Julia Baird
Program November 14,NA,host,Ellen Fanning
Monday November 12,2019-11-11T13:00:00Z,host,Ellen Fanning
Sexual Assault Special Part Two,NA,host,Julia Baird
Thursday November 8,2019-11-07T13:00:00Z,host,Julia Baird
Wednesday November 7,2019-11-06T13:00:00Z,host,Julia Baird
Monday November 5,2019-11-04T13:00:00Z,host,Ellen Fanning
Friday November 2,2019-11-01T13:00:00Z,host,Ellen Fanning
Thursday November 1,2019-10-31T13:00:00Z,host,Julia Baird
Wednesday October 31,2019-10-30T13:00:00Z,host,Ellen Fanning
Tuesday October 30,2019-10-29T13:00:00Z,host,Craig Reucassel
Monday October 29,2019-10-28T13:00:00Z,host,Craig Reucassel
Thursday October 25,2019-10-24T13:00:00Z,host,Julia Baird
Wednesday October 24,2019-10-23T13:00:00Z,host,Julia Baird
Tuesday October 23,2019-10-22T13:00:00Z,host,Peter van Onselen
Monday October 22,2019-10-21T13:00:00Z,host,Peter van Onselen
Friday October 19,2019-10-18T13:00:00Z,host,Julia Baird
Thursday October 18,2019-10-17T13:00:00Z,host,Julia Baird
Wednesday October 17,2019-10-16T13:00:00Z,host,Peter van Onselen
Tuesday October 16,2019-10-15T13:00:00Z,host,Peter van Onselen
Monday October 15,2019-10-14T13:00:00Z,host,Peter van Onselen
Friday October 12,2019-10-11T13:00:00Z,host,Sarah Dingle
Thursday October 11,2019-10-10T13:00:00Z,host,Sarah Dingle
Wednesday October 10,2019-10-09T13:00:00Z,host,Sarah Dingle
Tuesday October 9,2019-10-08T13:00:00Z,host,Sarah Dingle
Monday October 8,2019-10-07T13:00:00Z,host,Sarah Dingle
Friday October 5,2019-10-04T14:00:00Z,host,Peter van Onselen
Thursday October 4,2019-10-03T14:00:00Z,host,Peter van Onselen
Wednesday October 3,2019-10-02T14:00:00Z,host,Peter van Onselen
Tuesday October 2,2019-10-01T14:00:00Z,host,Peter van Onselen
Monday October 1,2019-09-30T14:00:00Z,host,Peter van Onselen
Thursday September 28,2019-09-27T14:00:00Z,host,Julia Baird
"

 The Drum: Sexual Assault Special",NA,host,Julia Baird
Wednesday September 26,2019-09-25T14:00:00Z,host,Ellen Fanning
Tuesday September 25,2019-09-24T14:00:00Z,host,Ellen Fanning
Monday September 24,2019-09-23T14:00:00Z,host,Ellen Fanning
Friday September 21,2019-09-20T14:00:00Z,host,Julia Baird
Thursday September 20,2019-09-19T14:00:00Z,host,Julia Baird
Wednesday September 19,2019-09-18T14:00:00Z,host,Ellen Fanning
Tuesday September 19,2019-09-18T14:00:00Z,host,Ellen Fanning
Monday September 17,2019-09-16T14:00:00Z,host,Ellen Fanning
Friday September 14,2019-09-13T14:00:00Z,host,Ellen Fanning
Thursday September 13,2019-09-12T14:00:00Z,host,Julia Baird
Wednesday September 12,2019-09-11T14:00:00Z,host,Julia Baird
Tuesday September 11,2019-09-10T14:00:00Z,host,Ellen Fanning
Monday September 10,2019-09-09T14:00:00Z,host,Ellen Fanning
Friday September 7,2019-09-06T14:00:00Z,host,Julia Baird
Thursday September 6,2019-09-05T14:00:00Z,host,Julia Baird
Wednesday September 6,2019-09-05T14:00:00Z,host,Ellen Fanning
Monday September 3,2019-09-02T14:00:00Z,host,Ellen Fanning
Friday August 31,2019-08-30T14:00:00Z,host,Ellen Fanning
Thursday August 30,2019-08-29T14:00:00Z,host,Ellen Fanning
Wednesday August 29,2019-08-28T14:00:00Z,host,Julia Baird
Tuesday August 28,2019-08-27T14:00:00Z,host,Julia Baird
Monday August 27,2019-08-26T14:00:00Z,host,Julia Baird
Friday August 24,2019-08-23T14:00:00Z,host,Julia Baird
Thursday August 23,2019-08-22T14:00:00Z,host,Julia Baird
Wednesday August 22,2019-08-21T14:00:00Z,host,Ellen Fanning
Tuesday August 21,2019-08-20T14:00:00Z,host,Ellen Fanning
Monday August 20,2019-08-19T14:00:00Z,host,Ellen Fanning
Friday August 17,2019-08-16T14:00:00Z,host,Ellen Fanning
Thursday August 16,2019-08-15T14:00:00Z,host,Julia Baird
Tuesday August 14,2019-08-13T14:00:00Z,host,Ellen Fanning
Monday August 13,2019-08-12T14:00:00Z,host,Julia Baird
Wednesday August 15,2019-08-14T14:00:00Z,host,Julia Baird
Friday August 10,2019-08-09T14:00:00Z,host,Julia Baird
Thursday August 9,2019-08-08T14:00:00Z,host,Julia Baird
Wednesday August 8,2019-08-07T14:00:00Z,host,Ellen Fanning
Tuesday August 7,2019-08-06T14:00:00Z,host,Ellen Fanning
Monday August 6,2019-08-05T14:00:00Z,host,Ellen Fanning
Garma 2018 special,NA,host,Julia Baird
Garma 2018 special,NA,host,Julia Baird
Thursday August 2,2019-08-01T14:00:00Z,host,Peter van Onselen
Wednesday August 1,2019-07-31T14:00:00Z,host,Peter van Onselen
Tuesday July 31,2019-07-30T14:00:00Z,host,John Barron
Monday July 30,2019-07-29T14:00:00Z,host,Ellen Fanning
Friday July 27,2019-07-26T14:00:00Z,host,Peter van Onselen
Thursday July 26,2019-07-25T14:00:00Z,host,Julia Baird
Wednesday July 25,2019-07-24T14:00:00Z,host,Julia Baird
Tuesday July 24,2019-07-23T14:00:00Z,host,Peter van Onselen
Monday July 23,2019-07-22T14:00:00Z,host,Peter van Onselen
Friday July 20,2019-07-19T14:00:00Z,host,Julia Baird
Thursday July 19,2019-07-18T14:00:00Z,host,Peter van Onselen
Wednesday July 18,2019-07-17T14:00:00Z,host,Julia Baird
Tuesday July 17,2019-07-16T14:00:00Z,host,Peter van Onselen
Monday July 16,2019-07-15T14:00:00Z,host,Peter van Onselen
Friday July 13,2019-07-12T14:00:00Z,host,Peter van Onselen
Thursday July 12,2019-07-11T14:00:00Z,host,Peter van Onselen
Wednesday July,NA,host,Peter van Onselen
"Tuesday, July 10",2019-07-09T14:00:00Z,host,Peter van Onselen
"Monday, July 9",2019-07-08T14:00:00Z,host,Peter van Onselen
Friday July 6,2019-07-05T14:00:00Z,host,Julia Baird
"Thursday, July 5",2019-07-04T14:00:00Z,host,Julia Baird
Wednesday July 4,2019-07-03T14:00:00Z,host,Julia Baird
Tuesday July 3,2019-07-02T14:00:00Z,host,Julia Baird
Monday July 2,2019-07-01T14:00:00Z,host,Julia Baird
Friday June 29,2019-06-28T14:00:00Z,host,Julia Baird
Thursday June 28,2019-06-27T14:00:00Z,host,Julia Baird
Wednesday June 27,2019-06-26T14:00:00Z,host,Julia Baird
Monday June 25,2019-06-24T14:00:00Z,host,Ellen Fanning
Tuesday June 26,2019-06-25T14:00:00Z,host,John Barron
Friday June 22,2019-06-21T14:00:00Z,host,Ellen Fanning
Thursday June 21,2019-06-20T14:00:00Z,host,Ellen Fanning
Friday June 15,2019-06-14T14:00:00Z,host,Julia Baird
Thursday June 14,2019-06-13T14:00:00Z,host,Julia Baird
Wednesday June 20,2019-06-19T14:00:00Z,host,Ellen Fanning
Tuesday June 19,2019-06-18T14:00:00Z,host,Ellen Fanning
Monday June 18,2019-06-17T14:00:00Z,host,Ellen Fanning
Wednesday June 13,2019-06-12T14:00:00Z,host,Julia Baird
Tuesday June 12,2019-06-11T14:00:00Z,host,Ellen Fanning
Monday June 11,2019-06-10T14:00:00Z,host,Ellen Fanning
Friday June 8,2019-06-07T14:00:00Z,host,Julia Baird
Thursday June 7,2019-06-06T14:00:00Z,host,Julia Baird
Wednesday June 6,2019-06-05T14:00:00Z,host,Ellen Fanning
Tuesday June 5,2019-06-04T14:00:00Z,host,Ellen Fanning
Monday June 4,2019-06-03T14:00:00Z,host,Ellen Fanning
Friday June 1,2019-05-31T14:00:00Z,host,Julia Baird
Thursday May 31,2019-05-30T14:00:00Z,host,Julia Baird
Wednesday May 30,2019-05-29T14:00:00Z,host,Ellen Fanning
Tuesday May 29,2019-05-28T14:00:00Z,host,Ellen Fanning
Monday May 28,2019-05-27T14:00:00Z,host,Ellen Fanning
Friday May 25,2019-05-24T14:00:00Z,host,Julia Baird
Thursday May 24,2019-05-23T14:00:00Z,host,Julia Baird
Wednesday May 23,2019-05-22T14:00:00Z,host,Julia Baird
Tuesday May 22,2019-05-21T14:00:00Z,host,Ellen Fanning
Monday May 21,2019-05-20T14:00:00Z,host,Ellen Fanning
Friday May 18,2019-05-17T14:00:00Z,host,Julia Baird
Thursday May 17,2019-05-16T14:00:00Z,host,Julia Baird
Wednesday May 16,2019-05-15T14:00:00Z,host,Julia Baird
Tuesday May 15,2019-05-14T14:00:00Z,host,Ellen Fanning
Monday May 14,2019-05-13T14:00:00Z,host,Ellen Fanning
Friday May 11,2019-05-10T14:00:00Z,host,Julia Baird
Thursday May 10,2019-05-09T14:00:00Z,host,Julia Baird
Wednesday May 9,2019-05-08T14:00:00Z,host,Julia Baird
Tuesday May 8,2019-05-07T14:00:00Z,host,John Barron
Monday May 7,2019-05-06T14:00:00Z,host,John Barron
Friday May 4,2019-05-03T14:00:00Z,host,NA
Thursday May 3,2019-05-02T14:00:00Z,host,Julia Baird
Wednesday May 2,2019-05-01T14:00:00Z,host,Julia Baird
Tuesday May 1,2019-04-30T14:00:00Z,host,Ellen Fanning
Monday April 30,2019-04-29T14:00:00Z,host,Ellen Fanning
Friday April 27,2019-04-26T14:00:00Z,host,Ellen Fanning
Friday May,NA,panel,Kate Mills
Friday May,NA,panel,David Marr
Friday May,NA,panel,Rebecca Davies
Friday May,NA,panel,David Marr Guests: Eryk Bagshaw
Friday May,NA,panel,Professor Brendan Wintle
"

 Health Care Special",NA,panel,Pat Turner
"

 Health Care Special",NA,panel,Professor Ian Hickie
"

 Health Care Special",NA,panel,Dr Norman Swan
"

 Health Care Special",NA,panel,Dr Jenny May AM
"

 Health Care Special",NA,panel,Stephen Duckett In a special episode
Wednesday,NA,panel,Geraldine Doogue
Wednesday,NA,panel,Sam Mostyn
Wednesday,NA,panel,Adrian Piccoli
Wednesday,NA,panel,Tony Wright
Wednesday,NA,panel,Rabia Siddique
"

 Corangamite Special",NA,panel,Dr Fiona Gray
"

 Corangamite Special",NA,panel,Gabrielle Chan
"

 Corangamite Special",NA,panel,Fiona Conroy
"

 Corangamite Special",NA,panel,George Megalogenis In the fourth election roadshow
"

 Corangamite Special",NA,panel,The Drum broadcasts from Barwon Heads in Victoria located in Australia's second most marginal electorate of Corangamite.
Monday May 6,2019-05-05T14:00:00Z,panel,Kathryn Greiner
Monday May 6,2019-05-05T14:00:00Z,panel,Feyi Akindoyeni
Monday May 6,2019-05-05T14:00:00Z,panel,Peter FitzSimons
Monday May 6,2019-05-05T14:00:00Z,panel,Cassandra Goldie
Friday May 3,2019-05-02T14:00:00Z,panel,Nicki Hutley
Friday May 3,2019-05-02T14:00:00Z,panel,Peter Hartcher
Friday May 3,2019-05-02T14:00:00Z,panel,Cheryl Kernot
Friday May 3,2019-05-02T14:00:00Z,panel,Sisonke Msimang
Thursday May 2,2019-05-01T14:00:00Z,panel,Robyn Parker
Thursday May 2,2019-05-01T14:00:00Z,panel,Jane Caro
Thursday May 2,2019-05-01T14:00:00Z,panel,Darren Saunders
Thursday May 2,2019-05-01T14:00:00Z,panel,Ali Kadri
Wednesday May 1,2019-04-30T14:00:00Z,panel,Amanda Rose
Wednesday May 1,2019-04-30T14:00:00Z,panel,Kate Carnell
Wednesday May 1,2019-04-30T14:00:00Z,panel,Quentin Dempster
Wednesday May 1,2019-04-30T14:00:00Z,panel,Shen Narayanasamy Guests: Dr. Raul Sanchez-Urribarri
Wednesday May 1,2019-04-30T14:00:00Z,panel,Lynda Saltarelli
Tuesday April 30,2019-04-29T14:00:00Z,panel,Jenna Price
Tuesday April 30,2019-04-29T14:00:00Z,panel,Scott Yung
Tuesday April 30,2019-04-29T14:00:00Z,panel,Josephine Cashman
Tuesday April 30,2019-04-29T14:00:00Z,panel,Peter Martin
Monday April 29,2019-04-28T14:00:00Z,panel,NA
"

 Rockhampton Special",NA,panel,Ainsley McArthur
"

 Rockhampton Special",NA,panel,Dr Ataus Samad
"

 Rockhampton Special",NA,panel,Michael McCabe
"

 Rockhampton Special",NA,panel,Daniel Yasso
"

 Rockhampton Special",NA,panel,Kelly Vea Vea In the third election roadshow
"

 Brisbane Special",NA,panel,Kerry O'Brien
"

 Brisbane Special",NA,panel,Madonna King
"

 Brisbane Special",NA,panel,Sallyanne Atkinson
"

 Brisbane Special",NA,panel,Leesa Watego
"

 Brisbane Special",NA,panel,Andrew Soter In a special episode of The Drum broadcast from Brisbane
"

 Brisbane Special",NA,panel,
"

 Economics Special",NA,panel,Joanne Masters
"

 Economics Special",NA,panel,Danielle Wood
"

 Economics Special",NA,panel,Martijn Wilder
"

 Economics Special",NA,panel,Angela Jackson
"

 Candidates Special",NA,panel,NA
Wednesday April 17,2019-04-16T14:00:00Z,panel,Van Badham
Wednesday April 17,2019-04-16T14:00:00Z,panel,Gray Connolly
Wednesday April 17,2019-04-16T14:00:00Z,panel,Adam Liaw
Wednesday April 17,2019-04-16T14:00:00Z,panel,Kerry-Anne Walsh
Wednesday April 17,2019-04-16T14:00:00Z,panel,Michael Roddan Guests: Judith Brett
Wednesday April 17,2019-04-16T14:00:00Z,panel,Rodger Shanahan
"

 Election Special: Western Sydney",NA,panel,Rebecca Huntley
"

 Election Special: Western Sydney",NA,panel,Abul Rizvi
"

 Election Special: Western Sydney",NA,panel,David Borger
"

 Election Special: Western Sydney",NA,panel,Maria Kovacic
"

 Election Special: Western Sydney",NA,panel,Cindy Tan In a special episode from Parramatta NSW
"

 Election Special: Western Sydney",NA,panel,
Monday April 15,2019-04-14T14:00:00Z,panel,Jamie Tarabay
Monday April 15,2019-04-14T14:00:00Z,panel,John Hewson
Monday April 15,2019-04-14T14:00:00Z,panel,Nicole Lee
Monday April 15,2019-04-14T14:00:00Z,panel,Rick Morton Guests: Justin Mohamed
Monday April 15,2019-04-14T14:00:00Z,panel,Melissa Crouch
Friday April 12,2019-04-11T14:00:00Z,panel,Bridie Jabour
Friday April 12,2019-04-11T14:00:00Z,panel,Craig Chung
Friday April 12,2019-04-11T14:00:00Z,panel,Bernard Keane
Friday April 12,2019-04-11T14:00:00Z,panel,Shivani Gopal Guests: Greg Barns
Friday April 12,2019-04-11T14:00:00Z,panel,Fiona Guthrie
Thursday April 11,2019-04-10T14:00:00Z,panel,Kerry Chikarovski
Thursday April 11,2019-04-10T14:00:00Z,panel,Tasneem Chopra
Thursday April 11,2019-04-10T14:00:00Z,panel,Jason Yat-sen Li
Thursday April 11,2019-04-10T14:00:00Z,panel,Stan Grant
Thursday April 11,2019-04-10T14:00:00Z,panel,Samantha Connor
Thursday April 11,2019-04-10T14:00:00Z,panel,Dennis Atkins
Wednesday April 10,2019-04-09T14:00:00Z,panel,Tim Soutphommasane
Wednesday April 10,2019-04-09T14:00:00Z,panel,Georgina Dent
Wednesday April 10,2019-04-09T14:00:00Z,panel,Michael Jensen
Wednesday April 10,2019-04-09T14:00:00Z,panel,Annika Smethurst Guests: Lord Nigel Crisp
Wednesday April 10,2019-04-09T14:00:00Z,panel,Cathy Humphreys
Tuesday April 9,2019-04-08T14:00:00Z,panel,"Geraldine Doogue,"
Tuesday April 9,2019-04-08T14:00:00Z,panel,Avril Henry
Tuesday April 9,2019-04-08T14:00:00Z,panel,Kylar Loussikian
Tuesday April 9,2019-04-08T14:00:00Z,panel,Karen Middleton Guests: Irris Makler
Tuesday April 9,2019-04-08T14:00:00Z,panel,Ben Rich
Monday April 8,2019-04-07T14:00:00Z,panel,James Hennessy
Monday April 8,2019-04-07T14:00:00Z,panel,Feyi Akindoyeni
Monday April 8,2019-04-07T14:00:00Z,panel,Amanda Vanstone
Monday April 8,2019-04-07T14:00:00Z,panel,Katharine Murphy Guests: Tani Khara
Monday April 8,2019-04-07T14:00:00Z,panel,Christopher Munnings
Friday April 5,2019-04-04T13:00:00Z,panel,Jane Stanton
Friday April 5,2019-04-04T13:00:00Z,panel,Bill Bowtell
Friday April 5,2019-04-04T13:00:00Z,panel,Mal Peters
Friday April 5,2019-04-04T13:00:00Z,panel,Gabrielle Chan
"

 Men's Special",NA,panel,NA
Tuesday April 02,2019-04-01T13:00:00Z,panel,NA
"

 Budget Special",NA,panel,Ming Long
"

 Budget Special",NA,panel,Rick Morton
"

 Budget Special",NA,panel,Ketan Joshi
"

 Budget Special",NA,panel,Wesley Enoch
"

 Budget Special",NA,panel,Helen Hodgson In a special episode
Monday April 01,2019-03-31T13:00:00Z,panel,NA
Thursday March 28,2019-03-27T13:00:00Z,panel,Talal Yassine
Thursday March 28,2019-03-27T13:00:00Z,panel,Tanya Hosch
Thursday March 28,2019-03-27T13:00:00Z,panel,Adrian Piccoli
Thursday March 28,2019-03-27T13:00:00Z,panel,Jan Fran
Thursday March 28,2019-03-27T13:00:00Z,panel,Rick Morton
Wednesday March 27,2019-03-26T13:00:00Z,panel,Van Badham
Wednesday March 27,2019-03-26T13:00:00Z,panel,Kate Carnell
Wednesday March 27,2019-03-26T13:00:00Z,panel,Rory O'Connor
Wednesday March 27,2019-03-26T13:00:00Z,panel,Holly Ransom
Tuesday March 26,2019-03-25T13:00:00Z,panel,Roxane Gay
Tuesday March 26,2019-03-25T13:00:00Z,panel,Annabel Crabb
Tuesday March 26,2019-03-25T13:00:00Z,panel,Christopher Pepin-Neff
Tuesday March 26,2019-03-25T13:00:00Z,panel,Eddie Synot
Tuesday March 26,2019-03-25T13:00:00Z,panel,Santilla Chingaipe
Monday March 25,2019-03-24T13:00:00Z,panel,Ben Law
Monday March 25,2019-03-24T13:00:00Z,panel,Jennifer Hewett
Monday March 25,2019-03-24T13:00:00Z,panel,Geoffrey Winters
Monday March 25,2019-03-24T13:00:00Z,panel,Primrose Riordan
Friday March 22,2019-03-21T13:00:00Z,panel,Robyn Parker
Friday March 22,2019-03-21T13:00:00Z,panel,Peter FitzSimons
Friday March 22,2019-03-21T13:00:00Z,panel,Christopher Brown
Friday March 22,2019-03-21T13:00:00Z,panel,Reem Sweid
Friday March 22,2019-03-21T13:00:00Z,panel,Tony Windsor
Thursday March 21,2019-03-20T13:00:00Z,panel,Deborah Snow
Thursday March 21,2019-03-20T13:00:00Z,panel,Jason Yat-sen Li
Thursday March 21,2019-03-20T13:00:00Z,panel,Brigid Meney
Thursday March 21,2019-03-20T13:00:00Z,panel,Shen Narayanasamy
Wednesday March 20,2019-03-19T13:00:00Z,panel,Parnell McGuiness
Wednesday March 20,2019-03-19T13:00:00Z,panel,David Borger
Wednesday March 20,2019-03-19T13:00:00Z,panel,Bhakthi Puvanenthiran
Wednesday March 20,2019-03-19T13:00:00Z,panel,Abul Rizvi
Tuesday March 19,2019-03-18T13:00:00Z,panel,Helen Coonan
Tuesday March 19,2019-03-18T13:00:00Z,panel,James Arvanitakis
Tuesday March 19,2019-03-18T13:00:00Z,panel,Peter Lewis
Tuesday March 19,2019-03-18T13:00:00Z,panel,Rabia Siddique
Tuesday March 19,2019-03-18T13:00:00Z,panel,Elaine Pearson
Tuesday March 19,2019-03-18T13:00:00Z,panel,Annika Smethurst
Monday March 18,2019-03-17T13:00:00Z,panel,NA
Friday March 15,2019-03-14T13:00:00Z,panel,NA
Thursday March 14,2019-03-13T13:00:00Z,panel,Margo Kingston
Thursday March 14,2019-03-13T13:00:00Z,panel,Paul Bongiorno
Thursday March 14,2019-03-13T13:00:00Z,panel,Shannan Dodson
Thursday March 14,2019-03-13T13:00:00Z,panel,Peter Collins Guests: Marc Stears
Thursday March 14,2019-03-13T13:00:00Z,panel,Jak Ah Kit
Wednesday March 13,2019-03-12T13:00:00Z,panel,Kathryn Greiner
Wednesday March 13,2019-03-12T13:00:00Z,panel,Craig Foster
Wednesday March 13,2019-03-12T13:00:00Z,panel,Francis Sullivan
Wednesday March 13,2019-03-12T13:00:00Z,panel,Shivani Gopal
Tuesday March 12,2019-03-11T13:00:00Z,panel,Kate Mills
Tuesday March 12,2019-03-11T13:00:00Z,panel,Reverend Bill Crews
Tuesday March 12,2019-03-11T13:00:00Z,panel,Fiona Scott
Tuesday March 12,2019-03-11T13:00:00Z,panel,Maxine McKew
Monday March 11,2019-03-10T13:00:00Z,panel,Jacqueline Maley
Monday March 11,2019-03-10T13:00:00Z,panel,Sally Betts
Monday March 11,2019-03-10T13:00:00Z,panel,Ian Hicki
Monday March 11,2019-03-10T13:00:00Z,panel,Joe Williams
Friday March 8,2019-03-07T13:00:00Z,panel,Gina Rushton
Friday March 8,2019-03-07T13:00:00Z,panel,Tina Tchen
Friday March 8,2019-03-07T13:00:00Z,panel,Jane Gilmore
Friday March 8,2019-03-07T13:00:00Z,panel,Adam Creighton
Friday March 8,2019-03-07T13:00:00Z,panel,Aisha Novakovich
Thursday March 7,2019-03-06T13:00:00Z,panel,Katie Acheson
Thursday March 7,2019-03-06T13:00:00Z,panel,Dr Chris Pepin-Neff
Thursday March 7,2019-03-06T13:00:00Z,panel,Fred Chaney
Thursday March 7,2019-03-06T13:00:00Z,panel,Fiona McLeod
Thursday March 7,2019-03-06T13:00:00Z,panel,Santilla Chingaipe Guests: Ayishat Akanbi
Thursday March 7,2019-03-06T13:00:00Z,panel,Adele Ferguson
Wednesday March 6,2019-03-05T13:00:00Z,panel,Sue Morphet
Wednesday March 6,2019-03-05T13:00:00Z,panel,Marina Go
Wednesday March 6,2019-03-05T13:00:00Z,panel,Amy Remeikis
Wednesday March 6,2019-03-05T13:00:00Z,panel,Peter Martin
Tuesday March 5,2019-03-04T13:00:00Z,panel,Avril Henry
Tuesday March 5,2019-03-04T13:00:00Z,panel,Katherine O'Regan
Tuesday March 5,2019-03-04T13:00:00Z,panel,Lisa Annese
Tuesday March 5,2019-03-04T13:00:00Z,panel,Jane Fynes-Clinton
Monday March 4,2019-03-03T13:00:00Z,panel,Van Badham
Monday March 4,2019-03-03T13:00:00Z,panel,Kerry Chikarovski
Monday March 4,2019-03-03T13:00:00Z,panel,Meggie Palmer
Monday March 4,2019-03-03T13:00:00Z,panel,Nyadol Nyuon
Friday March 1,2019-02-28T13:00:00Z,panel,Dr Kathryn Williams
Friday March 1,2019-02-28T13:00:00Z,panel,Professor Stephen Simpson
Friday March 1,2019-02-28T13:00:00Z,panel,Jacqueline Moore
Friday March 1,2019-02-28T13:00:00Z,panel,Dr Jenny Lee
Thursday February 28,2019-02-27T13:00:00Z,panel,Stan Grant
Thursday February 28,2019-02-27T13:00:00Z,panel,Erin Watson-Lynn
Thursday February 28,2019-02-27T13:00:00Z,panel,Jamila Rizvi Guests: Jay Song
Thursday February 28,2019-02-27T13:00:00Z,panel,Leo Patterson Ross
Wednesday February 27,2019-02-26T13:00:00Z,panel,NA
Tuesday February 26,2019-02-25T13:00:00Z,panel,Michael Jensen
Tuesday February 26,2019-02-25T13:00:00Z,panel,Jess Scully
Tuesday February 26,2019-02-25T13:00:00Z,panel,Sisonke Msimang
Tuesday February 26,2019-02-25T13:00:00Z,panel,Greg Sheridan
Tuesday February 26,2019-02-25T13:00:00Z,panel,David Marr
Monday February 25,2019-02-24T13:00:00Z,panel,Dr Hannah Mcglade
Monday February 25,2019-02-24T13:00:00Z,panel,Miranda Devine
Monday February 25,2019-02-24T13:00:00Z,panel,David Hetherington
Monday February 25,2019-02-24T13:00:00Z,panel,Anna Henderson
Friday February 22,2019-02-21T13:00:00Z,panel,Peter Martin
Friday February 22,2019-02-21T13:00:00Z,panel,Licia Heath
Friday February 22,2019-02-21T13:00:00Z,panel,Damien Cave
Friday February 22,2019-02-21T13:00:00Z,panel,Tasneem Chopra Guests: Jeffrey Wilson
Friday February 22,2019-02-21T13:00:00Z,panel,Osman Faruqi
Friday February 22,2019-02-21T13:00:00Z,panel,James Laurenceson
Wednesday February 20,2019-02-19T13:00:00Z,panel,James Hennessy
Wednesday February 20,2019-02-19T13:00:00Z,panel,Gray Connolly
Wednesday February 20,2019-02-19T13:00:00Z,panel,Katharine Murphy
Wednesday February 20,2019-02-19T13:00:00Z,panel,Rabia Siddique
Tuesday February 19,2019-02-18T13:00:00Z,panel,Adam Liaw
Tuesday February 19,2019-02-18T13:00:00Z,panel,Bob Carr
Tuesday February 19,2019-02-18T13:00:00Z,panel,Rebecca Davies
Tuesday February 19,2019-02-18T13:00:00Z,panel,Annika Smethurst Guests: Andrew West
Tuesday February 19,2019-02-18T13:00:00Z,panel,Michelle Arrow
Monday February 18,2019-02-17T13:00:00Z,panel,Jenna Price
Monday February 18,2019-02-17T13:00:00Z,panel,Richard Beasley SC
Monday February 18,2019-02-17T13:00:00Z,panel,Adrian Piccoli
Monday February 18,2019-02-17T13:00:00Z,panel,Karen Middleton
Friday February 15,2019-02-14T13:00:00Z,panel,Cheryl Axleby
Friday February 15,2019-02-14T13:00:00Z,panel,Antoinette Braybrook
Friday February 15,2019-02-14T13:00:00Z,panel,Josephine Cashman
Friday February 15,2019-02-14T13:00:00Z,panel,Eileen Baldry
Friday February 15,2019-02-14T13:00:00Z,panel,Debbie Kilroy
Thursday February 14,2019-02-13T13:00:00Z,panel,Phillip Ruddock
Thursday February 14,2019-02-13T13:00:00Z,panel,Bridie Jabour
Thursday February 14,2019-02-13T13:00:00Z,panel,Shen Narayanasamy
Thursday February 14,2019-02-13T13:00:00Z,panel,Malcolm Farr
Wednesday February 13,2019-02-12T13:00:00Z,panel,Dr Sandra Phillips
Wednesday February 13,2019-02-12T13:00:00Z,panel,Tim Soutphommasane
Wednesday February 13,2019-02-12T13:00:00Z,panel,Luke Pearson
Wednesday February 13,2019-02-12T13:00:00Z,panel,Dai Le Guests: Andrew Rule
Wednesday February 13,2019-02-12T13:00:00Z,panel,Sarah Martin
Tuesday February 12,2019-02-11T13:00:00Z,panel,Anne Davies
Tuesday February 12,2019-02-11T13:00:00Z,panel,Peter FitzSimons
Tuesday February 12,2019-02-11T13:00:00Z,panel,Fiona Simson
Tuesday February 12,2019-02-11T13:00:00Z,panel,Fred Hooper Guests: John Williams
Tuesday February 12,2019-02-11T13:00:00Z,panel,Tracey Holmes
Monday February 11,2019-02-10T13:00:00Z,panel,Kathryn Greiner
Monday February 11,2019-02-10T13:00:00Z,panel,Ming Long
Monday February 11,2019-02-10T13:00:00Z,panel,Dee Madigan
Monday February 11,2019-02-10T13:00:00Z,panel,Suelette Dreyfus Guests: Paddy Manning
Monday February 11,2019-02-10T13:00:00Z,panel,Karen Mundine
Friday February 8,2019-02-07T13:00:00Z,panel,Jane Stanton
Friday February 8,2019-02-07T13:00:00Z,panel,Ketan Joshi
Friday February 8,2019-02-07T13:00:00Z,panel,Craig Emerson
Friday February 8,2019-02-07T13:00:00Z,panel,Geraldine Doogue
Thursday February 7,2019-02-06T13:00:00Z,panel,Nick Greiner
Thursday February 7,2019-02-06T13:00:00Z,panel,Vanessa Whittaker SC
Thursday February 7,2019-02-06T13:00:00Z,panel,Laura Tingle
Thursday February 7,2019-02-06T13:00:00Z,panel,Amanda Vanstone
Thursday February 7,2019-02-06T13:00:00Z,panel,Brigid Meney
Wednesday February 6,2019-02-05T13:00:00Z,panel,Eryk Bradshaw
Wednesday February 6,2019-02-05T13:00:00Z,panel,Kim Hoggard
Wednesday February 6,2019-02-05T13:00:00Z,panel,Barbara Heineback
Wednesday February 6,2019-02-05T13:00:00Z,panel,Graeme Innes Guests: Amanda McKenzie
Wednesday February 6,2019-02-05T13:00:00Z,panel,Adam Shand
Tuesday February 5,2019-02-04T13:00:00Z,panel,Jane
Tuesday February 5,2019-02-04T13:00:00Z,panel,Caro
Tuesday February 5,2019-02-04T13:00:00Z,panel,Craig Chung
Tuesday February 5,2019-02-04T13:00:00Z,panel,Alan Kirkland
Tuesday February 5,2019-02-04T13:00:00Z,panel,Megan Motto Guests: Shane Wright
Tuesday February 5,2019-02-04T13:00:00Z,panel,Diana Sayed
Monday February 4,2019-02-03T13:00:00Z,panel,Adam Carrell
Monday February 4,2019-02-03T13:00:00Z,panel,Nicki Hutley
Monday February 4,2019-02-03T13:00:00Z,panel,Caroline Overington
Monday February 4,2019-02-03T13:00:00Z,panel,Nyadol Nyuon
Friday February 1,2019-01-31T13:00:00Z,panel,Susan Ryan
Friday February 1,2019-01-31T13:00:00Z,panel,Dr Darren Saunders
Friday February 1,2019-01-31T13:00:00Z,panel,Mark Kenny
Thursday January 31,2019-01-30T13:00:00Z,panel,Fred Chaney
Thursday January 31,2019-01-30T13:00:00Z,panel,Tracy McLeod Howe
Thursday January 31,2019-01-30T13:00:00Z,panel,Eddie Synot
Wednesday January 30,2019-01-29T13:00:00Z,panel,Kate Carnell
Wednesday January 30,2019-01-29T13:00:00Z,panel,Shalailah Medhora
Wednesday January 30,2019-01-29T13:00:00Z,panel,Ginni Mansberg
Tuesday January 29,2019-01-28T13:00:00Z,panel,Parnell McGuinness
Tuesday January 29,2019-01-28T13:00:00Z,panel,Saman Shad
Tuesday January 29,2019-01-28T13:00:00Z,panel,David Hetherington
Monday January 28,2019-01-27T13:00:00Z,panel,Lisa Annese
Monday January 28,2019-01-27T13:00:00Z,panel,Ginger Gorman
Monday January 28,2019-01-27T13:00:00Z,panel,Bindi Cole Chocka
Friday January 25,2019-01-24T13:00:00Z,panel,Peter Hartcher
Friday January 25,2019-01-24T13:00:00Z,panel,Brooke Prentis
Friday January 25,2019-01-24T13:00:00Z,panel,Stan Grant
Thursday January 24,2019-01-23T13:00:00Z,panel,Joe Williams
Thursday January 24,2019-01-23T13:00:00Z,panel,Jacqueline Maley
Thursday January 24,2019-01-23T13:00:00Z,panel,Jane Stanton
Tuesday January 22,2019-01-21T13:00:00Z,panel,Hugh Mackay
Tuesday January 22,2019-01-21T13:00:00Z,panel,Christine Forster
Tuesday January 22,2019-01-21T13:00:00Z,panel,Tanya Hosch
Monday January 21,2019-01-20T13:00:00Z,panel,Emma Dawson
Monday January 21,2019-01-20T13:00:00Z,panel,Adrian Piccoli
Monday January 21,2019-01-20T13:00:00Z,panel,Kirsten Banks
Friday January 18,2019-01-17T13:00:00Z,panel,Shivani Gopal
Friday January 18,2019-01-17T13:00:00Z,panel,Myffy Rigby
Friday January 18,2019-01-17T13:00:00Z,panel,Chris Pepin-Neff
Thursday January 17,2019-01-16T13:00:00Z,panel,Toby Ralph
Thursday January 17,2019-01-16T13:00:00Z,panel,Jenna Price
Thursday January 17,2019-01-16T13:00:00Z,panel,Rabia Siddique
Wednesday January 16,2019-01-15T13:00:00Z,panel,Miranda Devine
Wednesday January 16,2019-01-15T13:00:00Z,panel,John Hewson
Wednesday January 16,2019-01-15T13:00:00Z,panel,Bridie Jabour
Tuesday January 15,2019-01-14T13:00:00Z,panel,Jane Fitzgerald
Tuesday January 15,2019-01-14T13:00:00Z,panel,Phil Davies
Tuesday January 15,2019-01-14T13:00:00Z,panel,Abul Rizvi
Monday January 14,2019-01-13T13:00:00Z,panel,Sally Rugg
Monday January 14,2019-01-13T13:00:00Z,panel,Kate Mills
Monday January 14,2019-01-13T13:00:00Z,panel,Robyn Parker
Friday January 11,2019-01-10T13:00:00Z,panel,Dai Le
Friday January 11,2019-01-10T13:00:00Z,panel,Professor Ian Hickie
Friday January 11,2019-01-10T13:00:00Z,panel,Amy Remeikis
Thursday January 10,2019-01-09T13:00:00Z,panel,Susan Ryan
Thursday January 10,2019-01-09T13:00:00Z,panel,Nicki Hutley
Thursday January 10,2019-01-09T13:00:00Z,panel,Sarah Moran
Wednesday January 9,2019-01-08T13:00:00Z,panel,Van Badham
Wednesday January 9,2019-01-08T13:00:00Z,panel,Kathryn Greiner
Wednesday January 9,2019-01-08T13:00:00Z,panel,Damien Cave
Tuesday January 8,2019-01-07T13:00:00Z,panel,Dee Madigan
Tuesday January 8,2019-01-07T13:00:00Z,panel,Dr Darren Saunders
Tuesday January 8,2019-01-07T13:00:00Z,panel,Craig Chung
Friday January 4,2019-01-03T13:00:00Z,panel,Ketan Joshi
Friday January 4,2019-01-03T13:00:00Z,panel,Dr Norman Swan
Friday January 4,2019-01-03T13:00:00Z,panel,Jacqui Lambie
Thursday January 3,2019-01-02T13:00:00Z,panel,Jane Caro
Thursday January 3,2019-01-02T13:00:00Z,panel,Greg Sheridan
Thursday January 3,2019-01-02T13:00:00Z,panel,Aisha Novakovich
Wednesday January 2,2019-01-01T13:00:00Z,panel,James Arvanitakis
Wednesday January 2,2019-01-01T13:00:00Z,panel,Margy Osmond
Wednesday January 2,2019-01-01T13:00:00Z,panel,Michael Pascoe
Friday December 21,2019-12-20T13:00:00Z,panel,Reverend Bill Crews
Friday December 21,2019-12-20T13:00:00Z,panel,Kate Mills
Friday December 21,2019-12-20T13:00:00Z,panel,Adam Spencer
Friday December 21,2019-12-20T13:00:00Z,panel,Rebecca Davies
Thursday December 20,2019-12-19T13:00:00Z,panel,Brooke Boney
Thursday December 20,2019-12-19T13:00:00Z,panel,Alan Kirkland
Thursday December 20,2019-12-19T13:00:00Z,panel,Amanda Rose
Thursday December 20,2019-12-19T13:00:00Z,panel,John Hewson
Wednesday December 19,2019-12-18T13:00:00Z,panel,Avril Henry
Wednesday December 19,2019-12-18T13:00:00Z,panel,Will Glasgow
Wednesday December 19,2019-12-18T13:00:00Z,panel,Ali Kadri
Wednesday December 19,2019-12-18T13:00:00Z,panel,Katrina Hodkinson
Tuesday December 18,2019-12-17T13:00:00Z,panel,Craig Emerson
Tuesday December 18,2019-12-17T13:00:00Z,panel,Dr Darren Saunders
Tuesday December 18,2019-12-17T13:00:00Z,panel,Kathryn Greiner
Tuesday December 18,2019-12-17T13:00:00Z,panel,Bhakthi Puvanenthiran
Monday December 17,2019-12-16T13:00:00Z,panel,Peter Lewis
Monday December 17,2019-12-16T13:00:00Z,panel,Ming Long
Monday December 17,2019-12-16T13:00:00Z,panel,Shane Wright
Monday December 17,2019-12-16T13:00:00Z,panel,Parnell McGuinness
Friday December 14,2019-12-13T13:00:00Z,panel,Georgina Dent
Friday December 14,2019-12-13T13:00:00Z,panel,Jennifer Batrouney QC
Friday December 14,2019-12-13T13:00:00Z,panel,Talal Yassine
Friday December 14,2019-12-13T13:00:00Z,panel,Sue Boyce
Thursday December 13,2019-12-12T13:00:00Z,panel,Stephen O’Doherty
Thursday December 13,2019-12-12T13:00:00Z,panel,Jennifer Hewett
Thursday December 13,2019-12-12T13:00:00Z,panel,Cassandra Goldie
Thursday December 13,2019-12-12T13:00:00Z,panel,Professor Marc Stears
Wednesday December 12,2019-12-11T13:00:00Z,panel,Michael Biercuk
Wednesday December 12,2019-12-11T13:00:00Z,panel,Adam Carrel
Wednesday December 12,2019-12-11T13:00:00Z,panel,Tasneem Chopra
Wednesday December 12,2019-12-11T13:00:00Z,panel,Primrose Riordan
Tuesday December 11,2019-12-10T13:00:00Z,panel,Lisa Annese
Tuesday December 11,2019-12-10T13:00:00Z,panel,Nicki Hutley
Tuesday December 11,2019-12-10T13:00:00Z,panel,James Morrow
Tuesday December 11,2019-12-10T13:00:00Z,panel,Lawrence Pratchett
Monday December 10,2019-12-09T13:00:00Z,panel,Teela Reid
Monday December 10,2019-12-09T13:00:00Z,panel,Peter FitzSimons
Monday December 10,2019-12-09T13:00:00Z,panel,Kerry Chikarovski
Monday December 10,2019-12-09T13:00:00Z,panel,Father Frank Brennan
Friday December 7,2019-12-06T13:00:00Z,panel,"Geraldine Doogue,"
Thursday December 6,2019-12-05T13:00:00Z,panel,Dave Sharma
Thursday December 6,2019-12-05T13:00:00Z,panel,Katrina Hodgkinson
Thursday December 6,2019-12-05T13:00:00Z,panel,Tory Shepherd
Thursday December 6,2019-12-05T13:00:00Z,panel,Mark Kenny
Wednesday December 5,2019-12-04T13:00:00Z,panel,Rev. Michael Jensen
Wednesday December 5,2019-12-04T13:00:00Z,panel,Feyi Akindoyeni
Wednesday December 5,2019-12-04T13:00:00Z,panel,Paul Bongiorno
Wednesday December 5,2019-12-04T13:00:00Z,panel,Cate McGregor
Tuesday December 4,2019-12-03T13:00:00Z,panel,David Hetherington
Tuesday December 4,2019-12-03T13:00:00Z,panel,Deborah Snow
Tuesday December 4,2019-12-03T13:00:00Z,panel,Licia Heath
Tuesday December 4,2019-12-03T13:00:00Z,panel,Malcolm Farr
Monday December 3,2019-12-02T13:00:00Z,panel,Tracy McLeod Howe
Monday December 3,2019-12-02T13:00:00Z,panel,Craig Chung
Monday December 3,2019-12-02T13:00:00Z,panel,Madonna King
Monday December 3,2019-12-02T13:00:00Z,panel,Peter Martin
Wednesday November 28,2019-11-27T13:00:00Z,panel,Bridie Jabour
Wednesday November 28,2019-11-27T13:00:00Z,panel,Simon Cowan
Wednesday November 28,2019-11-27T13:00:00Z,panel,Karen Middleton
Wednesday November 28,2019-11-27T13:00:00Z,panel,Kate Carnell
Tuesday November 27,2019-11-26T13:00:00Z,panel,Katherine O'Regan
Tuesday November 27,2019-11-26T13:00:00Z,panel,Melinda Cilento
Tuesday November 27,2019-11-26T13:00:00Z,panel,James Arvanitakis
Tuesday November 27,2019-11-26T13:00:00Z,panel,Bernard Keane Guests: Bob Brown
Tuesday November 27,2019-11-26T13:00:00Z,panel,Soumi Gopalakrishnan
Monday November 26,2019-11-25T13:00:00Z,panel,Peter Hartcher
Monday November 26,2019-11-25T13:00:00Z,panel,Ketan Joshi
Monday November 26,2019-11-25T13:00:00Z,panel,Kerry O'Brien
Monday November 26,2019-11-25T13:00:00Z,panel,Katharine Murphy
Friday November 23,2019-11-22T13:00:00Z,panel,Tim Wilson
Friday November 23,2019-11-22T13:00:00Z,panel,Steve Bracks
Friday November 23,2019-11-22T13:00:00Z,panel,Santilla Chingaipe
Friday November 23,2019-11-22T13:00:00Z,panel,Jon Faine
Thursday November 22,2019-11-21T13:00:00Z,panel,Nyadol Nuyon
Thursday November 22,2019-11-21T13:00:00Z,panel,Karina Okotel
Thursday November 22,2019-11-21T13:00:00Z,panel,Muriel Bamblett
Thursday November 22,2019-11-21T13:00:00Z,panel,Sally Capp
Wednesday November 21,2019-11-20T13:00:00Z,panel,Emma Dawson
Wednesday November 21,2019-11-20T13:00:00Z,panel,Adrian Piccoli
Wednesday November 21,2019-11-20T13:00:00Z,panel,Aisha Novakovich
Wednesday November 21,2019-11-20T13:00:00Z,panel,Dr Suelette Dreyfus
Monday November 19,2019-11-18T13:00:00Z,panel,Ben Oquist
Monday November 19,2019-11-18T13:00:00Z,panel,Silma Ihram
Monday November 19,2019-11-18T13:00:00Z,panel,Margy Osmond
Monday November 19,2019-11-18T13:00:00Z,panel,Primrose Riordan
Thursday November 15,2019-11-14T13:00:00Z,panel,Sally Rugg
Thursday November 15,2019-11-14T13:00:00Z,panel,Feyi Akindoyeni
Thursday November 15,2019-11-14T13:00:00Z,panel,Dr Norman Swan
Thursday November 15,2019-11-14T13:00:00Z,panel,Greg Sheridan
Program November 14,NA,panel,Rae Johnston
Program November 14,NA,panel,Jennifer Hewett
Program November 14,NA,panel,Professor Marc Stears
Program November 14,NA,panel,Malcolm Farr
Monday November 12,2019-11-11T13:00:00Z,panel,Anne Summers
Monday November 12,2019-11-11T13:00:00Z,panel,Paul Daley
Monday November 12,2019-11-11T13:00:00Z,panel,Dr Sandra Phillips
Monday November 12,2019-11-11T13:00:00Z,panel,Jacqui Lambie
Sexual Assault Special Part Two,NA,panel,Dr Julia Baird
Sexual Assault Special Part Two,NA,panel,Nicholas Cowdery
Sexual Assault Special Part Two,NA,panel,Amy Remeikis
Sexual Assault Special Part Two,NA,panel,John Desmond
Sexual Assault Special Part Two,NA,panel,Bri Lee
Thursday November 8,2019-11-07T13:00:00Z,panel,David Marr
Thursday November 8,2019-11-07T13:00:00Z,panel,Paul Kelly
Thursday November 8,2019-11-07T13:00:00Z,panel,Jess Scully
Thursday November 8,2019-11-07T13:00:00Z,panel,Tanya Hosch
Wednesday November 7,2019-11-06T13:00:00Z,panel,Damien Cave
Wednesday November 7,2019-11-06T13:00:00Z,panel,Rebecca Davies
Wednesday November 7,2019-11-06T13:00:00Z,panel,Sarina Russo
Wednesday November 7,2019-11-06T13:00:00Z,panel,Amanda Vanstone
Wednesday November 7,2019-11-06T13:00:00Z,panel,Dr Chris Pepin-Neff
Monday November 5,2019-11-04T13:00:00Z,panel,Dr Rodger Shanahan
Monday November 5,2019-11-04T13:00:00Z,panel,Avril Henry
Monday November 5,2019-11-04T13:00:00Z,panel,Craig Chung
Monday November 5,2019-11-04T13:00:00Z,panel,Stephen Loosley
Friday November 2,2019-11-01T13:00:00Z,panel,Rod Bower
Friday November 2,2019-11-01T13:00:00Z,panel,Dai Le
Friday November 2,2019-11-01T13:00:00Z,panel,David Donovan
Friday November 2,2019-11-01T13:00:00Z,panel,Greg Sheridan
Thursday November 1,2019-10-31T13:00:00Z,panel,Angela Vithoulkas
Thursday November 1,2019-10-31T13:00:00Z,panel,Peter FitzSimons
Thursday November 1,2019-10-31T13:00:00Z,panel,Kylar Loussikian
Thursday November 1,2019-10-31T13:00:00Z,panel,Shen Narayanasamy
Wednesday October 31,2019-10-30T13:00:00Z,panel,Jane Gilmore
Wednesday October 31,2019-10-30T13:00:00Z,panel,Fiona Simson
Wednesday October 31,2019-10-30T13:00:00Z,panel,Simon Cowan
Wednesday October 31,2019-10-30T13:00:00Z,panel,Dr Chelsea Bond
Tuesday October 30,2019-10-29T13:00:00Z,panel,Jenna Price
Tuesday October 30,2019-10-29T13:00:00Z,panel,Caroline Overington
Tuesday October 30,2019-10-29T13:00:00Z,panel,Justin Mohamed
Tuesday October 30,2019-10-29T13:00:00Z,panel,Tony Windsor
Monday October 29,2019-10-28T13:00:00Z,panel,Tasneem Chopra
Monday October 29,2019-10-28T13:00:00Z,panel,Cate McGregor
Monday October 29,2019-10-28T13:00:00Z,panel,Peter Hartcher
Monday October 29,2019-10-28T13:00:00Z,panel,John Safran
Thursday October 25,2019-10-24T13:00:00Z,panel,Anne Davies
Thursday October 25,2019-10-24T13:00:00Z,panel,Catherine Fox
Thursday October 25,2019-10-24T13:00:00Z,panel,Paul Zahra
Thursday October 25,2019-10-24T13:00:00Z,panel,Mara Bún
Wednesday October 24,2019-10-23T13:00:00Z,panel,Katrina Hodgkinson
Wednesday October 24,2019-10-23T13:00:00Z,panel,David Hetherington
Wednesday October 24,2019-10-23T13:00:00Z,panel,Rabia Siddique
Wednesday October 24,2019-10-23T13:00:00Z,panel,Peter Martin
Tuesday October 23,2019-10-22T13:00:00Z,panel,Dr Barri Phatarfod
Tuesday October 23,2019-10-22T13:00:00Z,panel,Silma Ihram
Tuesday October 23,2019-10-22T13:00:00Z,panel,Terry Barnes
Tuesday October 23,2019-10-22T13:00:00Z,panel,Annika Smethurst
Monday October 22,2019-10-21T13:00:00Z,panel,Van Badham
Monday October 22,2019-10-21T13:00:00Z,panel,Andrew Bragg
Monday October 22,2019-10-21T13:00:00Z,panel,Dr Rodger Shanahan
Monday October 22,2019-10-21T13:00:00Z,panel,Primrose Riordan
Friday October 19,2019-10-18T13:00:00Z,panel,Margo Kingston
Friday October 19,2019-10-18T13:00:00Z,panel,John Hewson
Friday October 19,2019-10-18T13:00:00Z,panel,Samantha Maiden
Friday October 19,2019-10-18T13:00:00Z,panel,Stephen O'Doherty
Thursday October 18,2019-10-17T13:00:00Z,panel,NA
Wednesday October 17,2019-10-16T13:00:00Z,panel,Hamish McDonald
Wednesday October 17,2019-10-16T13:00:00Z,panel,Teela Reid
Wednesday October 17,2019-10-16T13:00:00Z,panel,James Morrow
Wednesday October 17,2019-10-16T13:00:00Z,panel,Shen Narayanasamy
Tuesday October 16,2019-10-15T13:00:00Z,panel,Adrian Piccoli
Tuesday October 16,2019-10-15T13:00:00Z,panel,Marina Go
Tuesday October 16,2019-10-15T13:00:00Z,panel,Malcolm Farr
Tuesday October 16,2019-10-15T13:00:00Z,panel,Nyadol Nyuon
Monday October 15,2019-10-14T13:00:00Z,panel,Jane Caro
Monday October 15,2019-10-14T13:00:00Z,panel,Dr Cindy Pan
Monday October 15,2019-10-14T13:00:00Z,panel,Peter Hartcher
Monday October 15,2019-10-14T13:00:00Z,panel,Cate McGregor
Friday October 12,2019-10-11T13:00:00Z,panel,Philip Ruddock
Friday October 12,2019-10-11T13:00:00Z,panel,Saman Shad
Friday October 12,2019-10-11T13:00:00Z,panel,Craig Reucassel
Friday October 12,2019-10-11T13:00:00Z,panel,Jacqui Lambie
Thursday October 11,2019-10-10T13:00:00Z,panel,Craig Emerson
Thursday October 11,2019-10-10T13:00:00Z,panel,Gillian Triggs
Thursday October 11,2019-10-10T13:00:00Z,panel,Katherine O'Regan
Wednesday October 10,2019-10-09T13:00:00Z,panel,Adam Liaw
Wednesday October 10,2019-10-09T13:00:00Z,panel,Michael Biercuk
Wednesday October 10,2019-10-09T13:00:00Z,panel,Kathryn Greiner
Wednesday October 10,2019-10-09T13:00:00Z,panel,Dr Avril Hannah-Jones
Tuesday October 9,2019-10-08T13:00:00Z,panel,Bridie Jabour
Tuesday October 9,2019-10-08T13:00:00Z,panel,Kerry Chikarovski
Tuesday October 9,2019-10-08T13:00:00Z,panel,Shane Wright
Tuesday October 9,2019-10-08T13:00:00Z,panel,Aisha Novakovich
Monday October 8,2019-10-07T13:00:00Z,panel,Shannan Dodson
Monday October 8,2019-10-07T13:00:00Z,panel,Avril Henry
Monday October 8,2019-10-07T13:00:00Z,panel,Greg Sheridan
Monday October 8,2019-10-07T13:00:00Z,panel,Peter Martin
Friday October 5,2019-10-04T14:00:00Z,panel,Gray Connolly
Friday October 5,2019-10-04T14:00:00Z,panel,Hannah Wandel
Friday October 5,2019-10-04T14:00:00Z,panel,Shivani Gopal
Friday October 5,2019-10-04T14:00:00Z,panel,Jack Latimore
Thursday October 4,2019-10-03T14:00:00Z,panel,Jess Scully
Thursday October 4,2019-10-03T14:00:00Z,panel,Parnell McGuinness
Thursday October 4,2019-10-03T14:00:00Z,panel,Jane Fynes-Clinton
Thursday October 4,2019-10-03T14:00:00Z,panel,Paul Bongiorno
Wednesday October 3,2019-10-02T14:00:00Z,panel,Katie Acheson
Wednesday October 3,2019-10-02T14:00:00Z,panel,Talal Yassine
Wednesday October 3,2019-10-02T14:00:00Z,panel,Megan Motto
Wednesday October 3,2019-10-02T14:00:00Z,panel,Geraldine Doogue
Tuesday October 2,2019-10-01T14:00:00Z,panel,Kate Mills
Tuesday October 2,2019-10-01T14:00:00Z,panel,Michael Pascoe
Tuesday October 2,2019-10-01T14:00:00Z,panel,Primrose Riordan
Tuesday October 2,2019-10-01T14:00:00Z,panel,Peter Mares
Monday October 1,2019-09-30T14:00:00Z,panel,Nicki Hutley
Monday October 1,2019-09-30T14:00:00Z,panel,Dr Tim Soutphommasane
Monday October 1,2019-09-30T14:00:00Z,panel,Kerry-Anne Walsh
Monday October 1,2019-09-30T14:00:00Z,panel,Sue Boyce
Thursday September 28,2019-09-27T14:00:00Z,panel,Emma Dawson
Thursday September 28,2019-09-27T14:00:00Z,panel,Jacqui Maley
Thursday September 28,2019-09-27T14:00:00Z,panel,Donald McDonald
Thursday September 28,2019-09-27T14:00:00Z,panel,Judith Sloan
"

 The Drum: Sexual Assault Special",NA,panel,Amy Remeikis
"

 The Drum: Sexual Assault Special",NA,panel,Nicholas Cowdery
"

 The Drum: Sexual Assault Special",NA,panel,Hannah McGlade
"

 The Drum: Sexual Assault Special",NA,panel,John Desmond
"

 The Drum: Sexual Assault Special",NA,panel,Bri Lee
Wednesday September 26,2019-09-25T14:00:00Z,panel,Kerry O'Brien
Wednesday September 26,2019-09-25T14:00:00Z,panel,Jennifer Hewett
Wednesday September 26,2019-09-25T14:00:00Z,panel,Maxine Beneba Clarke
Wednesday September 26,2019-09-25T14:00:00Z,panel,Margo Kingston
Tuesday September 25,2019-09-24T14:00:00Z,panel,Kate Carnell
Tuesday September 25,2019-09-24T14:00:00Z,panel,Joanne McCarthy
Tuesday September 25,2019-09-24T14:00:00Z,panel,Graeme Innes
Tuesday September 25,2019-09-24T14:00:00Z,panel,Jenna Price
Monday September 24,2019-09-23T14:00:00Z,panel,Quentin Dempster
Monday September 24,2019-09-23T14:00:00Z,panel,Ita Buttrose
Monday September 24,2019-09-23T14:00:00Z,panel,Adrian Piccoli
Monday September 24,2019-09-23T14:00:00Z,panel,Dee Madigan
Friday September 21,2019-09-20T14:00:00Z,panel,by Karin Sowada
Friday September 21,2019-09-20T14:00:00Z,panel,Cate McGregor
Friday September 21,2019-09-20T14:00:00Z,panel,Tasneem Chopra
Friday September 21,2019-09-20T14:00:00Z,panel,Rev. Bill Crews
Thursday September 20,2019-09-19T14:00:00Z,panel,by Brooke Boney
Thursday September 20,2019-09-19T14:00:00Z,panel,Simon Holmes à Court
Thursday September 20,2019-09-19T14:00:00Z,panel,Samantha Maiden
Wednesday September 19,2019-09-18T14:00:00Z,panel,Craig Chung
Wednesday September 19,2019-09-18T14:00:00Z,panel,Jane Caro
Wednesday September 19,2019-09-18T14:00:00Z,panel,Jane Fitzgerald
Wednesday September 19,2019-09-18T14:00:00Z,panel,Annika Smethurst
Tuesday September 19,2019-09-18T14:00:00Z,panel,Paul Zahra
Tuesday September 19,2019-09-18T14:00:00Z,panel,Benjamin Law
Tuesday September 19,2019-09-18T14:00:00Z,panel,Samantha Connor
Tuesday September 19,2019-09-18T14:00:00Z,panel,Karen Middleton
Monday September 17,2019-09-16T14:00:00Z,panel,Rick Morton
Monday September 17,2019-09-16T14:00:00Z,panel,Susan Ryan
Monday September 17,2019-09-16T14:00:00Z,panel,Johann Hari
Friday September 14,2019-09-13T14:00:00Z,panel,Peter Lewis
Friday September 14,2019-09-13T14:00:00Z,panel,Christine Forster
Friday September 14,2019-09-13T14:00:00Z,panel,John Hewson
Friday September 14,2019-09-13T14:00:00Z,panel,Shalailah Medhora
Thursday September 13,2019-09-12T14:00:00Z,panel,Craig Emerson
Thursday September 13,2019-09-12T14:00:00Z,panel,Chantelle Fornari-Orsmond
Thursday September 13,2019-09-12T14:00:00Z,panel,Gabrielle Chan
Thursday September 13,2019-09-12T14:00:00Z,panel,Dennis Shanahan
Wednesday September 12,2019-09-11T14:00:00Z,panel,Caroline Overington
Wednesday September 12,2019-09-11T14:00:00Z,panel,Kate Eastman
Wednesday September 12,2019-09-11T14:00:00Z,panel,Joe Williams
Wednesday September 12,2019-09-11T14:00:00Z,panel,Ming Long
Tuesday September 11,2019-09-10T14:00:00Z,panel,Melinda Cilento
Tuesday September 11,2019-09-10T14:00:00Z,panel,Rory O'Connor
Tuesday September 11,2019-09-10T14:00:00Z,panel,Quentin Dempster
Tuesday September 11,2019-09-10T14:00:00Z,panel,Paul Bongiorno
Monday September 10,2019-09-09T14:00:00Z,panel,David Hetherington
Monday September 10,2019-09-09T14:00:00Z,panel,Shivani Gopal
Monday September 10,2019-09-09T14:00:00Z,panel,Katrina Hodgkinson
Monday September 10,2019-09-09T14:00:00Z,panel,Katharine Murphy
Friday September 7,2019-09-06T14:00:00Z,panel,David Marr
Friday September 7,2019-09-06T14:00:00Z,panel,Edwina Throsby
Friday September 7,2019-09-06T14:00:00Z,panel,Ketan Joshi
Friday September 7,2019-09-06T14:00:00Z,panel,Nyadol Nyuon
Friday September 7,2019-09-06T14:00:00Z,panel,Kate Carnell
Thursday September 6,2019-09-05T14:00:00Z,panel,Dr Naomi Priest
Thursday September 6,2019-09-05T14:00:00Z,panel,Professor David Williams
Thursday September 6,2019-09-05T14:00:00Z,panel,Dr Chelsea Bond
Thursday September 6,2019-09-05T14:00:00Z,panel,Rick Morton
Thursday September 6,2019-09-05T14:00:00Z,panel,Dr Michael Gannon
Wednesday September 6,2019-09-05T14:00:00Z,panel,Adam Carrell
Wednesday September 6,2019-09-05T14:00:00Z,panel,Dr Darren Saunders
Wednesday September 6,2019-09-05T14:00:00Z,panel,Jane Fynes-Clinton
Wednesday September 6,2019-09-05T14:00:00Z,panel,Fiona McLeod.Guests: Cal Bruton
Wednesday September 6,2019-09-05T14:00:00Z,panel,Dr Elizabeth Riley
Monday September 3,2019-09-02T14:00:00Z,panel,Sally Rugg
Monday September 3,2019-09-02T14:00:00Z,panel,Rebecca Huntley
Monday September 3,2019-09-02T14:00:00Z,panel,Peter Hartcher
Monday September 3,2019-09-02T14:00:00Z,panel,Licia Heath
Friday August 31,2019-08-30T14:00:00Z,panel,Bob Carr
Friday August 31,2019-08-30T14:00:00Z,panel,Dr Kerry Phelps
Friday August 31,2019-08-30T14:00:00Z,panel,Erin Watson-Lynn
Friday August 31,2019-08-30T14:00:00Z,panel,Fatima Measham
Thursday August 30,2019-08-29T14:00:00Z,panel,Reverend Dr Michael Jensen
Thursday August 30,2019-08-29T14:00:00Z,panel,Peter Collins
Thursday August 30,2019-08-29T14:00:00Z,panel,Tasneem Chopra
Thursday August 30,2019-08-29T14:00:00Z,panel,Primrose Riordan
Wednesday August 29,2019-08-28T14:00:00Z,panel,Madonna King
Wednesday August 29,2019-08-28T14:00:00Z,panel,Van Badham
Wednesday August 29,2019-08-28T14:00:00Z,panel,Warren Mundine
Wednesday August 29,2019-08-28T14:00:00Z,panel,Joe Williams
Tuesday August 28,2019-08-27T14:00:00Z,panel,Chas Licciardello
Tuesday August 28,2019-08-27T14:00:00Z,panel,Maureen Dowd
Tuesday August 28,2019-08-27T14:00:00Z,panel,Barbara Heineback
Tuesday August 28,2019-08-27T14:00:00Z,panel,Greg Sheridan
Monday August 27,2019-08-26T14:00:00Z,panel,Geoffrey Winters
Monday August 27,2019-08-26T14:00:00Z,panel,Philip Ruddock
Monday August 27,2019-08-26T14:00:00Z,panel,Kylar Loussikian
Monday August 27,2019-08-26T14:00:00Z,panel,Margo Kingston
Friday August 24,2019-08-23T14:00:00Z,panel,Kerry Chikarovski
Friday August 24,2019-08-23T14:00:00Z,panel,Jack Latimore
Friday August 24,2019-08-23T14:00:00Z,panel,Jacqueline Maley
Friday August 24,2019-08-23T14:00:00Z,panel,Niki Savva
Thursday August 23,2019-08-22T14:00:00Z,panel,David Marr
Thursday August 23,2019-08-22T14:00:00Z,panel,Samantha Maiden
Thursday August 23,2019-08-22T14:00:00Z,panel,Shane Wright
Thursday August 23,2019-08-22T14:00:00Z,panel,Terry Barnes
Wednesday August 22,2019-08-21T14:00:00Z,panel,Geraldine Doogue
Wednesday August 22,2019-08-21T14:00:00Z,panel,John Hewson
Wednesday August 22,2019-08-21T14:00:00Z,panel,Andrew Soter
Wednesday August 22,2019-08-21T14:00:00Z,panel,Annika Smethurst
Wednesday August 22,2019-08-21T14:00:00Z,panel,Maker Mayek
Tuesday August 21,2019-08-20T14:00:00Z,panel,Katharine Murphy
Tuesday August 21,2019-08-20T14:00:00Z,panel,Hugh Mackay
Tuesday August 21,2019-08-20T14:00:00Z,panel,Sean Kelly
Tuesday August 21,2019-08-20T14:00:00Z,panel,Amanda Vanstone
Monday August 20,2019-08-19T14:00:00Z,panel,Avril Henry
Monday August 20,2019-08-19T14:00:00Z,panel,Peter Hartcher
Monday August 20,2019-08-19T14:00:00Z,panel,Kate Carnell
Monday August 20,2019-08-19T14:00:00Z,panel,Shen Narayanasamy
Friday August 17,2019-08-16T14:00:00Z,panel,Nyadol Nyuon
Friday August 17,2019-08-16T14:00:00Z,panel,Will Glasgow
Friday August 17,2019-08-16T14:00:00Z,panel,Jacqui Lambie
Thursday August 16,2019-08-15T14:00:00Z,panel,Bernard Keane
Thursday August 16,2019-08-15T14:00:00Z,panel,Justin Mohamed
Thursday August 16,2019-08-15T14:00:00Z,panel,Craig Chung
Thursday August 16,2019-08-15T14:00:00Z,panel,Primrose Riordan
Tuesday August 14,2019-08-13T14:00:00Z,panel,Kerry Chikarovski
Tuesday August 14,2019-08-13T14:00:00Z,panel,Silma Ihram
Tuesday August 14,2019-08-13T14:00:00Z,panel,Dr Suelette Dreyfus
Tuesday August 14,2019-08-13T14:00:00Z,panel,Kylar Loussikian
Monday August 13,2019-08-12T14:00:00Z,panel,Annabel Crabb
Monday August 13,2019-08-12T14:00:00Z,panel,Rebecca Davies
Monday August 13,2019-08-12T14:00:00Z,panel,Lisa Annese
Monday August 13,2019-08-12T14:00:00Z,panel,Malcolm Farr
Wednesday August 15,2019-08-14T14:00:00Z,panel,Bridie Jabour
Wednesday August 15,2019-08-14T14:00:00Z,panel,Adrian Piccoli
Wednesday August 15,2019-08-14T14:00:00Z,panel,Fiona Simson
Wednesday August 15,2019-08-14T14:00:00Z,panel,Ali Kadri Guests: Santilla Chingaipe
Wednesday August 15,2019-08-14T14:00:00Z,panel,Dr Juliet Watson
Friday August 10,2019-08-09T14:00:00Z,panel,Greg Sheridan
Friday August 10,2019-08-09T14:00:00Z,panel,Lisa Davies
Friday August 10,2019-08-09T14:00:00Z,panel,Paddy Manning
Friday August 10,2019-08-09T14:00:00Z,panel,Dr Josie McSkimming
Thursday August 9,2019-08-08T14:00:00Z,panel,Michael Pascoe
Thursday August 9,2019-08-08T14:00:00Z,panel,Tracy McLeod Howe
Thursday August 9,2019-08-08T14:00:00Z,panel,Sue Boyce
Thursday August 9,2019-08-08T14:00:00Z,panel,Angela Vithoulkas
Wednesday August 8,2019-08-07T14:00:00Z,panel,Mara Bún
Wednesday August 8,2019-08-07T14:00:00Z,panel,Louise Robert-Smith
Wednesday August 8,2019-08-07T14:00:00Z,panel,David Miles
Wednesday August 8,2019-08-07T14:00:00Z,panel,Geeth Geeganage
Tuesday August 7,2019-08-06T14:00:00Z,panel,Katharine Murphy
Tuesday August 7,2019-08-06T14:00:00Z,panel,Peter Hartcher
Tuesday August 7,2019-08-06T14:00:00Z,panel,Frank Bongiorno
Monday August 6,2019-08-05T14:00:00Z,panel,Craig Emerson
Monday August 6,2019-08-05T14:00:00Z,panel,Kate Mills
Monday August 6,2019-08-05T14:00:00Z,panel,Caroline Overington
Monday August 6,2019-08-05T14:00:00Z,panel,Tony Mahar
Garma 2018 special,NA,panel,Merrki Ganambarr-Stubbs
Garma 2018 special,NA,panel,Andrea Mason
Garma 2018 special,NA,panel,Sally Scales
Garma 2018 special,NA,panel,Joe Williams
Garma 2018 special,NA,panel,Marcia Langton
Garma 2018 special,NA,panel,Merrki Ganambarr-Stubbs
Garma 2018 special,NA,panel,Andrea Mason
Garma 2018 special,NA,panel,Sally Scale
Garma 2018 special,NA,panel,Joe Williams
Garma 2018 special,NA,panel,Marcia Langton
Thursday August 2,2019-08-01T14:00:00Z,panel,Josh Taylor
Thursday August 2,2019-08-01T14:00:00Z,panel,Ming Long
Thursday August 2,2019-08-01T14:00:00Z,panel,Stephen O'Doherty
Thursday August 2,2019-08-01T14:00:00Z,panel,Dr Jane Fynes-Clinton
Wednesday August 1,2019-07-31T14:00:00Z,panel,Jamila Rizvi
Wednesday August 1,2019-07-31T14:00:00Z,panel,Rick Morton
Wednesday August 1,2019-07-31T14:00:00Z,panel,Craig Chung
Wednesday August 1,2019-07-31T14:00:00Z,panel,Anna Henderson
Tuesday July 31,2019-07-30T14:00:00Z,panel,Geoffrey Winters
Tuesday July 31,2019-07-30T14:00:00Z,panel,Margy Osmond
Tuesday July 31,2019-07-30T14:00:00Z,panel,Dee Madigan
Tuesday July 31,2019-07-30T14:00:00Z,panel,Rory O’Connor
Monday July 30,2019-07-29T14:00:00Z,panel,Dr Kerryn Phelps
Monday July 30,2019-07-29T14:00:00Z,panel,Patrick Condren
Monday July 30,2019-07-29T14:00:00Z,panel,Chris Jones
Monday July 30,2019-07-29T14:00:00Z,panel,Bhakthi Puvanenthiran
Friday July 27,2019-07-26T14:00:00Z,panel,Jan Fran
Friday July 27,2019-07-26T14:00:00Z,panel,Dennis Atkins
Friday July 27,2019-07-26T14:00:00Z,panel,Amanda Vanstone
Friday July 27,2019-07-26T14:00:00Z,panel,Emma Dawson The panel discusses the super Saturday by-elections
Friday July 27,2019-07-26T14:00:00Z,panel,
Thursday July 26,2019-07-25T14:00:00Z,panel,Geraldine Doogue
Thursday July 26,2019-07-25T14:00:00Z,panel,Mark Kenny
Thursday July 26,2019-07-25T14:00:00Z,panel,Saman Shad
Thursday July 26,2019-07-25T14:00:00Z,panel,Andrew Jaspan
Wednesday July 25,2019-07-24T14:00:00Z,panel,Alice Workman
Wednesday July 25,2019-07-24T14:00:00Z,panel,Aaron Patrick
Wednesday July 25,2019-07-24T14:00:00Z,panel,John Slater
Wednesday July 25,2019-07-24T14:00:00Z,panel,Jane Gilmore
Tuesday July 24,2019-07-23T14:00:00Z,panel,Adam Carrel
Tuesday July 24,2019-07-23T14:00:00Z,panel,Jane Stanton
Tuesday July 24,2019-07-23T14:00:00Z,panel,Parnell McGuinness
Tuesday July 24,2019-07-23T14:00:00Z,panel,Peter Lewis
Monday July 23,2019-07-22T14:00:00Z,panel,Elaine Pearson
Monday July 23,2019-07-22T14:00:00Z,panel,Peter Hartcher
Monday July 23,2019-07-22T14:00:00Z,panel,Warren Mundine
Monday July 23,2019-07-22T14:00:00Z,panel,Primrose Riordan
Friday July 20,2019-07-19T14:00:00Z,panel,Sunil Badami
Friday July 20,2019-07-19T14:00:00Z,panel,Robyn Parker
Friday July 20,2019-07-19T14:00:00Z,panel,Santilla Chingaipe
Friday July 20,2019-07-19T14:00:00Z,panel,Shane Wright
Thursday July 19,2019-07-18T14:00:00Z,panel,Bhakthi Puvanenthiran
Thursday July 19,2019-07-18T14:00:00Z,panel,David Marr
Thursday July 19,2019-07-18T14:00:00Z,panel,Katherine O’Regan
Thursday July 19,2019-07-18T14:00:00Z,panel,Gray Connolly
Wednesday July 18,2019-07-17T14:00:00Z,panel,Nicki Hutley
Wednesday July 18,2019-07-17T14:00:00Z,panel,Lucy Brogden
Wednesday July 18,2019-07-17T14:00:00Z,panel,Ian Hickie
Wednesday July 18,2019-07-17T14:00:00Z,panel,Malcolm Farr
Tuesday July 17,2019-07-16T14:00:00Z,panel,Katie Acheson
Tuesday July 17,2019-07-16T14:00:00Z,panel,Chas Licciardello
Tuesday July 17,2019-07-16T14:00:00Z,panel,James Campbell
Tuesday July 17,2019-07-16T14:00:00Z,panel,Dr Suelette Dreyfus
Monday July 16,2019-07-15T14:00:00Z,panel,James Morrow
Monday July 16,2019-07-15T14:00:00Z,panel,Silma Ihram
Monday July 16,2019-07-15T14:00:00Z,panel,Van Badham
Monday July 16,2019-07-15T14:00:00Z,panel,Kate Carnell
Friday July 13,2019-07-12T14:00:00Z,panel,Lisa Annese
Friday July 13,2019-07-12T14:00:00Z,panel,Dr Norman Swan
Friday July 13,2019-07-12T14:00:00Z,panel,Catherine McGregor
Friday July 13,2019-07-12T14:00:00Z,panel,Jack Latimore
Thursday July 12,2019-07-11T14:00:00Z,panel,Adrian Piccoli
Thursday July 12,2019-07-11T14:00:00Z,panel,Georgina Dent
Thursday July 12,2019-07-11T14:00:00Z,panel,Dr Bates Gill
Thursday July 12,2019-07-11T14:00:00Z,panel,Shen Narayanasamy
Wednesday July,NA,panel,Shannan Dodson
Wednesday July,NA,panel,Dr Jackie Huggins
Wednesday July,NA,panel,Cheryl Axleby
Wednesday July,NA,panel,Banok Rind
"Tuesday, July 10",2019-07-09T14:00:00Z,panel,Dr Caroline West
"Tuesday, July 10",2019-07-09T14:00:00Z,panel,Angela Vithoulkas
"Tuesday, July 10",2019-07-09T14:00:00Z,panel,Josephine Cashman
"Tuesday, July 10",2019-07-09T14:00:00Z,panel,Jamila Rizvi
"Monday, July 9",2019-07-08T14:00:00Z,panel,Bri Lee
"Monday, July 9",2019-07-08T14:00:00Z,panel,Jane Caro
"Monday, July 9",2019-07-08T14:00:00Z,panel,Simon Cowan
"Monday, July 9",2019-07-08T14:00:00Z,panel,Bernard Keane
Friday July 6,2019-07-05T14:00:00Z,panel,Jenna Price
Friday July 6,2019-07-05T14:00:00Z,panel,Geoffrey Winters
Friday July 6,2019-07-05T14:00:00Z,panel,Dr Sally Cockburn
Friday July 6,2019-07-05T14:00:00Z,panel,Geeth Geeganage
"Thursday, July 5",2019-07-04T14:00:00Z,panel,Deborah Snow
"Thursday, July 5",2019-07-04T14:00:00Z,panel,Adam Creighton
"Thursday, July 5",2019-07-04T14:00:00Z,panel,Tasneem Chopra
"Thursday, July 5",2019-07-04T14:00:00Z,panel,Mara Bun
Wednesday July 4,2019-07-03T14:00:00Z,panel,Caroline Overington
Wednesday July 4,2019-07-03T14:00:00Z,panel,Avril Henry
Wednesday July 4,2019-07-03T14:00:00Z,panel,Jacqui Lambie
Tuesday July 3,2019-07-02T14:00:00Z,panel,Dee Madigan
Tuesday July 3,2019-07-02T14:00:00Z,panel,Stephen O’Doherty
Tuesday July 3,2019-07-02T14:00:00Z,panel,Megan Motto
Tuesday July 3,2019-07-02T14:00:00Z,panel,Karen Middleton
Monday July 2,2019-07-01T14:00:00Z,panel,Parnell McGuinness
Monday July 2,2019-07-01T14:00:00Z,panel,Professor James Arvanitakis
Monday July 2,2019-07-01T14:00:00Z,panel,Katharine Murphy
Monday July 2,2019-07-01T14:00:00Z,panel,Amanda Young
Friday June 29,2019-06-28T14:00:00Z,panel,Dr Darren Saunders
Friday June 29,2019-06-28T14:00:00Z,panel,James Morrow
Friday June 29,2019-06-28T14:00:00Z,panel,Shalailah Medhora
Friday June 29,2019-06-28T14:00:00Z,panel,Tory Maguire
Thursday June 28,2019-06-27T14:00:00Z,panel,Peter Abetz
Thursday June 28,2019-06-27T14:00:00Z,panel,Narelle Hooper
Thursday June 28,2019-06-27T14:00:00Z,panel,David Crowe
Thursday June 28,2019-06-27T14:00:00Z,panel,Jess Hill
Wednesday June 27,2019-06-26T14:00:00Z,panel,Shane Wright
Wednesday June 27,2019-06-26T14:00:00Z,panel,Anne Henderson
Wednesday June 27,2019-06-26T14:00:00Z,panel,Rebecca Davies
Wednesday June 27,2019-06-26T14:00:00Z,panel,Erik Jensen
Monday June 25,2019-06-24T14:00:00Z,panel,Bridie Jabour
Monday June 25,2019-06-24T14:00:00Z,panel,Peter Hartcher
Monday June 25,2019-06-24T14:00:00Z,panel,Dr Tim Soutphommasane
Tuesday June 26,2019-06-25T14:00:00Z,panel,Josephine Cashman
Tuesday June 26,2019-06-25T14:00:00Z,panel,Katrina Hodgkinson
Tuesday June 26,2019-06-25T14:00:00Z,panel,Adam Creighton
Tuesday June 26,2019-06-25T14:00:00Z,panel,Peter Lewis
Friday June 22,2019-06-21T14:00:00Z,panel,Kerry Chikarovski
Friday June 22,2019-06-21T14:00:00Z,panel,Cassandra Goldie
Friday June 22,2019-06-21T14:00:00Z,panel,Muriel Bamblett
Friday June 22,2019-06-21T14:00:00Z,panel,Kylar Loussikian
Thursday June 21,2019-06-20T14:00:00Z,panel,Ming Long
Thursday June 21,2019-06-20T14:00:00Z,panel,Rick Morton
Thursday June 21,2019-06-20T14:00:00Z,panel,Talal Yassine
Friday June 15,2019-06-14T14:00:00Z,panel,Amanda Rose
Friday June 15,2019-06-14T14:00:00Z,panel,Warren Mundine
Friday June 15,2019-06-14T14:00:00Z,panel,Jacqui Maley
Friday June 15,2019-06-14T14:00:00Z,panel,Jonathan Green
Thursday June 14,2019-06-13T14:00:00Z,panel,Joe Williams
Thursday June 14,2019-06-13T14:00:00Z,panel,Josephine Sukkar
Thursday June 14,2019-06-13T14:00:00Z,panel,Bernard Keane
Wednesday June 20,2019-06-19T14:00:00Z,panel,Katharine Murphy
Wednesday June 20,2019-06-19T14:00:00Z,panel,Jenna Price
Wednesday June 20,2019-06-19T14:00:00Z,panel,Simon Cowan
Tuesday June 19,2019-06-18T14:00:00Z,panel,Adam Carrel
Tuesday June 19,2019-06-18T14:00:00Z,panel,Jennifer Hewett
Tuesday June 19,2019-06-18T14:00:00Z,panel,Nyadol Nyuen
Tuesday June 19,2019-06-18T14:00:00Z,panel,Peter van Onselen
Monday June 18,2019-06-17T14:00:00Z,panel,Kate Mills
Monday June 18,2019-06-17T14:00:00Z,panel,Peter Martin
Monday June 18,2019-06-17T14:00:00Z,panel,Jackie Kelly
Wednesday June 13,2019-06-12T14:00:00Z,panel,Michael Bachelard
Wednesday June 13,2019-06-12T14:00:00Z,panel,Marina Go
Wednesday June 13,2019-06-12T14:00:00Z,panel,James Pearson
Wednesday June 13,2019-06-12T14:00:00Z,panel,Carolyn Quadrio
Tuesday June 12,2019-06-11T14:00:00Z,panel,Michael Kirby
Tuesday June 12,2019-06-11T14:00:00Z,panel,Barbara Heineback
Tuesday June 12,2019-06-11T14:00:00Z,panel,Greg Sheridan
Tuesday June 12,2019-06-11T14:00:00Z,panel,Elaine Pearson
Monday June 11,2019-06-10T14:00:00Z,panel,NA
Friday June 8,2019-06-07T14:00:00Z,panel,Danny Teece-Johnson
Friday June 8,2019-06-07T14:00:00Z,panel,Georgina Dent
Friday June 8,2019-06-07T14:00:00Z,panel,Gray Connolly
Friday June 8,2019-06-07T14:00:00Z,panel,Sharri Markson
Thursday June 7,2019-06-06T14:00:00Z,panel,Dr Hannah McGlade
Thursday June 7,2019-06-06T14:00:00Z,panel,Van Badham
Thursday June 7,2019-06-06T14:00:00Z,panel,Gary Marks
Thursday June 7,2019-06-06T14:00:00Z,panel,Malcolm Farr
Wednesday June 6,2019-06-05T14:00:00Z,panel,Jane Stanton
Wednesday June 6,2019-06-05T14:00:00Z,panel,Josh Bornstein
Wednesday June 6,2019-06-05T14:00:00Z,panel,Nicki Hutley
Tuesday June 5,2019-06-04T14:00:00Z,panel,Paul Bongiorno
Tuesday June 5,2019-06-04T14:00:00Z,panel,Craig Chung
Tuesday June 5,2019-06-04T14:00:00Z,panel,Maxine McKew
Monday June 4,2019-06-03T14:00:00Z,panel,Annika Smethurst
Monday June 4,2019-06-03T14:00:00Z,panel,Brad Chilcott
Monday June 4,2019-06-03T14:00:00Z,panel,Angela Vithoulkas
Monday June 4,2019-06-03T14:00:00Z,panel,Chris Brown
Friday June 1,2019-05-31T14:00:00Z,panel,Allan Clarke
Friday June 1,2019-05-31T14:00:00Z,panel,Geoffrey Winters
Friday June 1,2019-05-31T14:00:00Z,panel,Sophie Black
Friday June 1,2019-05-31T14:00:00Z,panel,Michael Pascoe
Thursday May 31,2019-05-30T14:00:00Z,panel,Josephine Cashman
Thursday May 31,2019-05-30T14:00:00Z,panel,Katherine O’Regan
Thursday May 31,2019-05-30T14:00:00Z,panel,Peter Lewis
Wednesday May 30,2019-05-29T14:00:00Z,panel,Alice Workman
Wednesday May 30,2019-05-29T14:00:00Z,panel,Noel Debien
Wednesday May 30,2019-05-29T14:00:00Z,panel,Ngiare Brown
Wednesday May 30,2019-05-29T14:00:00Z,panel,Robyn Parker
Tuesday May 29,2019-05-28T14:00:00Z,panel,Caroline Overington
Tuesday May 29,2019-05-28T14:00:00Z,panel,Nassim Khadem
Tuesday May 29,2019-05-28T14:00:00Z,panel,Stephen O’Doherty
Tuesday May 29,2019-05-28T14:00:00Z,panel,Jack Boyd
Monday May 28,2019-05-27T14:00:00Z,panel,Kerryn Phelps
Monday May 28,2019-05-27T14:00:00Z,panel,Ming Long
Monday May 28,2019-05-27T14:00:00Z,panel,Peter Hartcher
Monday May 28,2019-05-27T14:00:00Z,panel,Tanya Hosch
Friday May 25,2019-05-24T14:00:00Z,panel,Jane Caro
Friday May 25,2019-05-24T14:00:00Z,panel,Karen Middleton
Friday May 25,2019-05-24T14:00:00Z,panel,Kate Eastman
Friday May 25,2019-05-24T14:00:00Z,panel,Michael Jensen Interview with:
Thursday May 24,2019-05-23T14:00:00Z,panel,Christopher Brown
Thursday May 24,2019-05-23T14:00:00Z,panel,Dai Le
Thursday May 24,2019-05-23T14:00:00Z,panel,Emma Dawson
Thursday May 24,2019-05-23T14:00:00Z,panel,Paul Zahra
Wednesday May 23,2019-05-22T14:00:00Z,panel,Elaine Pearson
Wednesday May 23,2019-05-22T14:00:00Z,panel,Erin Watson-Lynn
Wednesday May 23,2019-05-22T14:00:00Z,panel,Katharine Murphy
Wednesday May 23,2019-05-22T14:00:00Z,panel,Simon Cowan
Tuesday May 22,2019-05-21T14:00:00Z,panel,Kerry Chikarovski
Tuesday May 22,2019-05-21T14:00:00Z,panel,Margo Kingston
Tuesday May 22,2019-05-21T14:00:00Z,panel,Michael Biercuk
Tuesday May 22,2019-05-21T14:00:00Z,panel,Paul Bongiorno
Monday May 21,2019-05-20T14:00:00Z,panel,Warren Mundine
Monday May 21,2019-05-20T14:00:00Z,panel,Stefanee Lovett
Monday May 21,2019-05-20T14:00:00Z,panel,Peter Van Onselen
Monday May 21,2019-05-20T14:00:00Z,panel,Noel Debien
Friday May 18,2019-05-17T14:00:00Z,panel,NA
Thursday May 17,2019-05-16T14:00:00Z,panel,Rick Morton
Thursday May 17,2019-05-16T14:00:00Z,panel,Katrina Hodgkinson
Thursday May 17,2019-05-16T14:00:00Z,panel,Darren Saunders
Thursday May 17,2019-05-16T14:00:00Z,panel,Jane Gilmore
Wednesday May 16,2019-05-15T14:00:00Z,panel,Avril Henry
Wednesday May 16,2019-05-15T14:00:00Z,panel,Bridie Jabour
Wednesday May 16,2019-05-15T14:00:00Z,panel,Josh Manuatu
Wednesday May 16,2019-05-15T14:00:00Z,panel,Tim Soutphommasane
Tuesday May 15,2019-05-14T14:00:00Z,panel,Greg Sheridan
Tuesday May 15,2019-05-14T14:00:00Z,panel,Jacqueline Maley
Tuesday May 15,2019-05-14T14:00:00Z,panel,Saman Shad
Monday May 14,2019-05-13T14:00:00Z,panel,Ayten Saridas
Monday May 14,2019-05-13T14:00:00Z,panel,Peter Hartcher
Monday May 14,2019-05-13T14:00:00Z,panel,Van Badham
Friday May 11,2019-05-10T14:00:00Z,panel,Tory Shepherd
Friday May 11,2019-05-10T14:00:00Z,panel,Niki Savva
Friday May 11,2019-05-10T14:00:00Z,panel,Kerryn Phelps
Friday May 11,2019-05-10T14:00:00Z,panel,Bill Crews
Thursday May 10,2019-05-09T14:00:00Z,panel,Fiona Simson
Thursday May 10,2019-05-09T14:00:00Z,panel,Miriam Lyons
Thursday May 10,2019-05-09T14:00:00Z,panel,Adam Creighton
Thursday May 10,2019-05-09T14:00:00Z,panel,Peter Abetz
Wednesday May 9,2019-05-08T14:00:00Z,panel,Nicki Hutley
Wednesday May 9,2019-05-08T14:00:00Z,panel,Graeme Innes
Wednesday May 9,2019-05-08T14:00:00Z,panel,Alice Workman
Wednesday May 9,2019-05-08T14:00:00Z,panel,Judith Sloan
Tuesday May 8,2019-05-07T14:00:00Z,panel,Tracy McLeod Howe
Tuesday May 8,2019-05-07T14:00:00Z,panel,Jamila Rizvi
Tuesday May 8,2019-05-07T14:00:00Z,panel,Dr Michael Salter
Monday May 7,2019-05-06T14:00:00Z,panel,Ben Oquist
Monday May 7,2019-05-06T14:00:00Z,panel,Jennifer Hewett
Monday May 7,2019-05-06T14:00:00Z,panel,Kate Mills
Monday May 7,2019-05-06T14:00:00Z,panel,Adam Carrel
Friday May 4,2019-05-03T14:00:00Z,panel,NA
Thursday May 3,2019-05-02T14:00:00Z,panel,Bernard Keane
Thursday May 3,2019-05-02T14:00:00Z,panel,Lydia Shelly
Thursday May 3,2019-05-02T14:00:00Z,panel,Cate McGregor
Thursday May 3,2019-05-02T14:00:00Z,panel,Aaron Patrick
Wednesday May 2,2019-05-01T14:00:00Z,panel,Angela Vithoulkas
Wednesday May 2,2019-05-01T14:00:00Z,panel,Bruce Hawker
Wednesday May 2,2019-05-01T14:00:00Z,panel,Cassandra Goldie
Wednesday May 2,2019-05-01T14:00:00Z,panel,Kate Carnell
Tuesday May 1,2019-04-30T14:00:00Z,panel,Michael Pascoe
Tuesday May 1,2019-04-30T14:00:00Z,panel,Lisa Annese
Tuesday May 1,2019-04-30T14:00:00Z,panel,Katherine O'Regan
Monday April 30,2019-04-29T14:00:00Z,panel,John Blaxland
Monday April 30,2019-04-29T14:00:00Z,panel,Caroline Overington
Monday April 30,2019-04-29T14:00:00Z,panel,Ian Verrender
Monday April 30,2019-04-29T14:00:00Z,panel,Jane Caro
Friday April 27,2019-04-26T14:00:00Z,panel,Mara Bún
Friday April 27,2019-04-26T14:00:00Z,panel,Kate McClymont
Friday April 27,2019-04-26T14:00:00Z,panel,Craig Chung
Friday May,NA,guest,NA
"

 Health Care Special",NA,guest,NA
Wednesday,NA,guest,NA
"

 Corangamite Special",NA,guest,NA
Monday May 6,2019-05-05T14:00:00Z,guest,John Blaxland
Friday May 3,2019-05-02T14:00:00Z,guest,Ece Temelkuran
Thursday May 2,2019-05-01T14:00:00Z,guest,Shane Wright
Wednesday May 1,2019-04-30T14:00:00Z,guest,NA
Tuesday April 30,2019-04-29T14:00:00Z,guest,Sarah Holland Batt
Monday April 29,2019-04-28T14:00:00Z,guest,NA
"

 Rockhampton Special",NA,guest,NA
"

 Brisbane Special",NA,guest,NA
"

 Economics Special",NA,guest,Suri Ratnapala In a special episode
"

 Candidates Special",NA,guest,NA
Wednesday April 17,2019-04-16T14:00:00Z,guest,NA
"

 Election Special: Western Sydney",NA,guest,NA
Monday April 15,2019-04-14T14:00:00Z,guest,NA
Friday April 12,2019-04-11T14:00:00Z,guest,NA
Thursday April 11,2019-04-10T14:00:00Z,guest,Catherine Barrett
Wednesday April 10,2019-04-09T14:00:00Z,guest,NA
Tuesday April 9,2019-04-08T14:00:00Z,guest,NA
Monday April 8,2019-04-07T14:00:00Z,guest,NA
Friday April 5,2019-04-04T13:00:00Z,guest,NA
"

 Men's Special",NA,guest,NA
Tuesday April 02,2019-04-01T13:00:00Z,guest,NA
"

 Budget Special",NA,guest,NA
Monday April 01,2019-03-31T13:00:00Z,guest,NA
Thursday March 28,2019-03-27T13:00:00Z,guest,Suelette Dreyfus
Wednesday March 27,2019-03-26T13:00:00Z,guest,NA
Tuesday March 26,2019-03-25T13:00:00Z,guest,NA
Monday March 25,2019-03-24T13:00:00Z,guest,John Barron
Friday March 22,2019-03-21T13:00:00Z,guest,Dr Jamal Rifi
Thursday March 21,2019-03-20T13:00:00Z,guest,Dr Kris Rallah-Baker
Wednesday March 20,2019-03-19T13:00:00Z,guest,NA
Tuesday March 19,2019-03-18T13:00:00Z,guest,NA
Monday March 18,2019-03-17T13:00:00Z,guest,NA
Friday March 15,2019-03-14T13:00:00Z,guest,NA
Thursday March 14,2019-03-13T13:00:00Z,guest,NA
Wednesday March 13,2019-03-12T13:00:00Z,guest,NA
Tuesday March 12,2019-03-11T13:00:00Z,guest,Alan Brown
Monday March 11,2019-03-10T13:00:00Z,guest,Birgitta Jónsdóttir
Friday March 8,2019-03-07T13:00:00Z,guest,NA
Thursday March 7,2019-03-06T13:00:00Z,guest,NA
Wednesday March 6,2019-03-05T13:00:00Z,guest,Khadija Gbla
Tuesday March 5,2019-03-04T13:00:00Z,guest,Rodger Shanahan
Monday March 4,2019-03-03T13:00:00Z,guest,Ian Verrender
Friday March 1,2019-02-28T13:00:00Z,guest,Alexandra Jones We’re told we’re in the grips of an ‘obesity epidemic’ with two in three Australian adults considered overweight or obese
Friday March 1,2019-02-28T13:00:00Z,guest,in a special episode of The Drum
Thursday February 28,2019-02-27T13:00:00Z,guest,NA
Wednesday February 27,2019-02-26T13:00:00Z,guest,NA
Tuesday February 26,2019-02-25T13:00:00Z,guest,NA
Monday February 25,2019-02-24T13:00:00Z,guest,Paul Burke
Friday February 22,2019-02-21T13:00:00Z,guest,NA
Wednesday February 20,2019-02-19T13:00:00Z,guest,Fiona Measham
Tuesday February 19,2019-02-18T13:00:00Z,guest,NA
Monday February 18,2019-02-17T13:00:00Z,guest,Samantha Connor
Friday February 15,2019-02-14T13:00:00Z,guest,NA
Thursday February 14,2019-02-13T13:00:00Z,guest,Manjula O'Conner
Thursday February 14,2019-02-13T13:00:00Z,guest,Jessica Halloran
Wednesday February 13,2019-02-12T13:00:00Z,guest,NA
Tuesday February 12,2019-02-11T13:00:00Z,guest,NA
Monday February 11,2019-02-10T13:00:00Z,guest,NA
Friday February 8,2019-02-07T13:00:00Z,guest,Jenny Hocking
Thursday February 7,2019-02-06T13:00:00Z,guest,Anika Gauja In this special episode of The Drum
Thursday February 7,2019-02-06T13:00:00Z,guest,
Wednesday February 6,2019-02-05T13:00:00Z,guest,NA
Tuesday February 5,2019-02-04T13:00:00Z,guest,NA
Monday February 4,2019-02-03T13:00:00Z,guest,Ian Verrender
Friday February 1,2019-01-31T13:00:00Z,guest,NA
Thursday January 31,2019-01-30T13:00:00Z,guest,Richard Kingsford
Wednesday January 30,2019-01-29T13:00:00Z,guest,NA
Tuesday January 29,2019-01-28T13:00:00Z,guest,John Barron
Monday January 28,2019-01-27T13:00:00Z,guest,NA
Friday January 25,2019-01-24T13:00:00Z,guest,NA
Thursday January 24,2019-01-23T13:00:00Z,guest,NA
Tuesday January 22,2019-01-21T13:00:00Z,guest,NA
Monday January 21,2019-01-20T13:00:00Z,guest,NA
Friday January 18,2019-01-17T13:00:00Z,guest,Mem Fox
Thursday January 17,2019-01-16T13:00:00Z,guest,Dr Martin Williams
Wednesday January 16,2019-01-15T13:00:00Z,guest,Joe Owen
Tuesday January 15,2019-01-14T13:00:00Z,guest,Philomena Murray
Monday January 14,2019-01-13T13:00:00Z,guest,NA
Friday January 11,2019-01-10T13:00:00Z,guest,NA
Thursday January 10,2019-01-09T13:00:00Z,guest,NA
Wednesday January 9,2019-01-08T13:00:00Z,guest,Barbara Heineback
Tuesday January 8,2019-01-07T13:00:00Z,guest,Elaine Pearson
Friday January 4,2019-01-03T13:00:00Z,guest,NA
Thursday January 3,2019-01-02T13:00:00Z,guest,NA
Wednesday January 2,2019-01-01T13:00:00Z,guest,Alex Wodak
Friday December 21,2019-12-20T13:00:00Z,guest,Bates Gill
Thursday December 20,2019-12-19T13:00:00Z,guest,Dr Dara Conduit
Wednesday December 19,2019-12-18T13:00:00Z,guest,Simon Holmes à Court
Tuesday December 18,2019-12-17T13:00:00Z,guest,NA
Monday December 17,2019-12-16T13:00:00Z,guest,Ian Verrender
Friday December 14,2019-12-13T13:00:00Z,guest,NA
Thursday December 13,2019-12-12T13:00:00Z,guest,Anna Brown
Wednesday December 12,2019-12-11T13:00:00Z,guest,Matt Brown
Tuesday December 11,2019-12-10T13:00:00Z,guest,NA
Monday December 10,2019-12-09T13:00:00Z,guest,NA
Friday December 7,2019-12-06T13:00:00Z,guest,Fergus Hanson
Friday December 7,2019-12-06T13:00:00Z,guest,Jan Fran
Friday December 7,2019-12-06T13:00:00Z,guest,Peter Hartcher
Friday December 7,2019-12-06T13:00:00Z,guest,Chris Edmond
Thursday December 6,2019-12-05T13:00:00Z,guest,John Barron
Wednesday December 5,2019-12-04T13:00:00Z,guest,NA
Tuesday December 4,2019-12-03T13:00:00Z,guest,Dominic Ziegler
Monday December 3,2019-12-02T13:00:00Z,guest,Dr Christine Rufener
Wednesday November 28,2019-11-27T13:00:00Z,guest,Maker Mayek
Tuesday November 27,2019-11-26T13:00:00Z,guest,NA
Monday November 26,2019-11-25T13:00:00Z,guest,NA
Friday November 23,2019-11-22T13:00:00Z,guest,NA
Thursday November 22,2019-11-21T13:00:00Z,guest,NA
Wednesday November 21,2019-11-20T13:00:00Z,guest,NA
Monday November 19,2019-11-18T13:00:00Z,guest,Peter Ryan
Thursday November 15,2019-11-14T13:00:00Z,guest,NA
Program November 14,NA,guest,Craig Reucassel
Monday November 12,2019-11-11T13:00:00Z,guest,Amy Carr
Sexual Assault Special Part Two,NA,guest,NA
Thursday November 8,2019-11-07T13:00:00Z,guest,Brendan O'Connor
Wednesday November 7,2019-11-06T13:00:00Z,guest,NA
Monday November 5,2019-11-04T13:00:00Z,guest,Andrew Soter
Friday November 2,2019-11-01T13:00:00Z,guest,Rukmini Callimachi
Thursday November 1,2019-10-31T13:00:00Z,guest,NA
Wednesday October 31,2019-10-30T13:00:00Z,guest,NA
Tuesday October 30,2019-10-29T13:00:00Z,guest,Heidi Norman
Monday October 29,2019-10-28T13:00:00Z,guest,Danielle Wood
Thursday October 25,2019-10-24T13:00:00Z,guest,NA
Wednesday October 24,2019-10-23T13:00:00Z,guest,David Elliott
Tuesday October 23,2019-10-22T13:00:00Z,guest,Bruce Mountain
Monday October 22,2019-10-21T13:00:00Z,guest,Merrin Wake
Friday October 19,2019-10-18T13:00:00Z,guest,Joel Hollier
Thursday October 18,2019-10-17T13:00:00Z,guest,NA
Wednesday October 17,2019-10-16T13:00:00Z,guest,Andrew Johnson
Tuesday October 16,2019-10-15T13:00:00Z,guest,NA
Monday October 15,2019-10-14T13:00:00Z,guest,Lydia Khalil
Friday October 12,2019-10-11T13:00:00Z,guest,Sally Rugg
Thursday October 11,2019-10-10T13:00:00Z,guest,Kripa Krithivasan
Wednesday October 10,2019-10-09T13:00:00Z,guest,Dr Charles Edel
Tuesday October 9,2019-10-08T13:00:00Z,guest,Frank Jotzo
Monday October 8,2019-10-07T13:00:00Z,guest,John Mendoza
Friday October 5,2019-10-04T14:00:00Z,guest,Andrea Mason
Thursday October 4,2019-10-03T14:00:00Z,guest,Kelly O'Shanassy
Wednesday October 3,2019-10-02T14:00:00Z,guest,NA
Tuesday October 2,2019-10-01T14:00:00Z,guest,Dr Catherine Ball
Monday October 1,2019-09-30T14:00:00Z,guest,Adele Ferguson
Thursday September 28,2019-09-27T14:00:00Z,guest,NA
"

 The Drum: Sexual Assault Special",NA,guest,NA
Wednesday September 26,2019-09-25T14:00:00Z,guest,NA
Tuesday September 25,2019-09-24T14:00:00Z,guest,John Barron
Monday September 24,2019-09-23T14:00:00Z,guest,Matthew Peacock
Friday September 21,2019-09-20T14:00:00Z,guest,James Brown
Thursday September 20,2019-09-19T14:00:00Z,guest,Dr Sacha Molitorisz
Thursday September 20,2019-09-19T14:00:00Z,guest,Pete Goss
Wednesday September 19,2019-09-18T14:00:00Z,guest,John Daley
Tuesday September 19,2019-09-18T14:00:00Z,guest,Greg Whitby
Monday September 17,2019-09-16T14:00:00Z,guest,Noleen Hausler
Friday September 14,2019-09-13T14:00:00Z,guest,NA
Thursday September 13,2019-09-12T14:00:00Z,guest,NA
Wednesday September 12,2019-09-11T14:00:00Z,guest,NA
Tuesday September 11,2019-09-10T14:00:00Z,guest,NA
Monday September 10,2019-09-09T14:00:00Z,guest,NA
Friday September 7,2019-09-06T14:00:00Z,guest,NA
Thursday September 6,2019-09-05T14:00:00Z,guest,NA
Wednesday September 6,2019-09-05T14:00:00Z,guest,NA
Monday September 3,2019-09-02T14:00:00Z,guest,Adam Ni
Friday August 31,2019-08-30T14:00:00Z,guest,Brian Kenneally.
Thursday August 30,2019-08-29T14:00:00Z,guest,NA
Wednesday August 29,2019-08-28T14:00:00Z,guest,Rodney Dillon
Tuesday August 28,2019-08-27T14:00:00Z,guest,NA
Monday August 27,2019-08-26T14:00:00Z,guest,NA
Friday August 24,2019-08-23T14:00:00Z,guest,NA
Thursday August 23,2019-08-22T14:00:00Z,guest,Dr Gabrielle Appleby
Wednesday August 22,2019-08-21T14:00:00Z,guest,Matt Bevan
Tuesday August 21,2019-08-20T14:00:00Z,guest,NA
Monday August 20,2019-08-19T14:00:00Z,guest,NA
Friday August 17,2019-08-16T14:00:00Z,guest,Ian Verrender
Friday August 17,2019-08-16T14:00:00Z,guest,Dr Andrew Campbell
Thursday August 16,2019-08-15T14:00:00Z,guest,Sophie Richards
Tuesday August 14,2019-08-13T14:00:00Z,guest,Simon Holmes a Court
Monday August 13,2019-08-12T14:00:00Z,guest,NA
Wednesday August 15,2019-08-14T14:00:00Z,guest,NA
Friday August 10,2019-08-09T14:00:00Z,guest,NA
Thursday August 9,2019-08-08T14:00:00Z,guest,Lisa McAdams
Wednesday August 8,2019-08-07T14:00:00Z,guest,Toby Walsh
Tuesday August 7,2019-08-06T14:00:00Z,guest,James Wheeldon
Monday August 6,2019-08-05T14:00:00Z,guest,Achol Marial
Garma 2018 special,NA,guest,NA
Garma 2018 special,NA,guest,NA
Thursday August 2,2019-08-01T14:00:00Z,guest,NA
Wednesday August 1,2019-07-31T14:00:00Z,guest,NA
Tuesday July 31,2019-07-30T14:00:00Z,guest,NA
Monday July 30,2019-07-29T14:00:00Z,guest,NA
Friday July 27,2019-07-26T14:00:00Z,guest,NA
Thursday July 26,2019-07-25T14:00:00Z,guest,Brett Solomon
Wednesday July 25,2019-07-24T14:00:00Z,guest,NA
Tuesday July 24,2019-07-23T14:00:00Z,guest,NA
Monday July 23,2019-07-22T14:00:00Z,guest,NA
Friday July 20,2019-07-19T14:00:00Z,guest,NA
Thursday July 19,2019-07-18T14:00:00Z,guest,NA
Wednesday July 18,2019-07-17T14:00:00Z,guest,NA
Tuesday July 17,2019-07-16T14:00:00Z,guest,NA
Monday July 16,2019-07-15T14:00:00Z,guest,NA
Friday July 13,2019-07-12T14:00:00Z,guest,NA
Thursday July 12,2019-07-11T14:00:00Z,guest,NA
Wednesday July,NA,guest,NA
"Tuesday, July 10",2019-07-09T14:00:00Z,guest,NA
"Monday, July 9",2019-07-08T14:00:00Z,guest,Kirstie Parker
Friday July 6,2019-07-05T14:00:00Z,guest,NA
"Thursday, July 5",2019-07-04T14:00:00Z,guest,NA
Wednesday July 4,2019-07-03T14:00:00Z,guest,Professor David Thorburn
Tuesday July 3,2019-07-02T14:00:00Z,guest,NA
Monday July 2,2019-07-01T14:00:00Z,guest,NA
Friday June 29,2019-06-28T14:00:00Z,guest,NA
Thursday June 28,2019-06-27T14:00:00Z,guest,NA
Wednesday June 27,2019-06-26T14:00:00Z,guest,NA
Monday June 25,2019-06-24T14:00:00Z,guest,NA
Tuesday June 26,2019-06-25T14:00:00Z,guest,NA
Friday June 22,2019-06-21T14:00:00Z,guest,NA
Thursday June 21,2019-06-20T14:00:00Z,guest,NA
Friday June 15,2019-06-14T14:00:00Z,guest,NA
Thursday June 14,2019-06-13T14:00:00Z,guest,NA
Wednesday June 20,2019-06-19T14:00:00Z,guest,NA
Tuesday June 19,2019-06-18T14:00:00Z,guest,NA
Monday June 18,2019-06-17T14:00:00Z,guest,NA
Wednesday June 13,2019-06-12T14:00:00Z,guest,NA
Tuesday June 12,2019-06-11T14:00:00Z,guest,NA
Monday June 11,2019-06-10T14:00:00Z,guest,NA
Friday June 8,2019-06-07T14:00:00Z,guest,NA
Thursday June 7,2019-06-06T14:00:00Z,guest,NA
Wednesday June 6,2019-06-05T14:00:00Z,guest,NA
Tuesday June 5,2019-06-04T14:00:00Z,guest,NA
Monday June 4,2019-06-03T14:00:00Z,guest,NA
Friday June 1,2019-05-31T14:00:00Z,guest,NA
Thursday May 31,2019-05-30T14:00:00Z,guest,NA
Wednesday May 30,2019-05-29T14:00:00Z,guest,NA
Tuesday May 29,2019-05-28T14:00:00Z,guest,NA
Monday May 28,2019-05-27T14:00:00Z,guest,NA
Friday May 25,2019-05-24T14:00:00Z,guest,NA
Thursday May 24,2019-05-23T14:00:00Z,guest,NA
Wednesday May 23,2019-05-22T14:00:00Z,guest,NA
Tuesday May 22,2019-05-21T14:00:00Z,guest,NA
Monday May 21,2019-05-20T14:00:00Z,guest,NA
Friday May 18,2019-05-17T14:00:00Z,guest,NA
Thursday May 17,2019-05-16T14:00:00Z,guest,NA
Wednesday May 16,2019-05-15T14:00:00Z,guest,NA
Tuesday May 15,2019-05-14T14:00:00Z,guest,NA
Monday May 14,2019-05-13T14:00:00Z,guest,NA
Friday May 11,2019-05-10T14:00:00Z,guest,NA
Thursday May 10,2019-05-09T14:00:00Z,guest,NA
Wednesday May 9,2019-05-08T14:00:00Z,guest,NA
Tuesday May 8,2019-05-07T14:00:00Z,guest,NA
Monday May 7,2019-05-06T14:00:00Z,guest,NA
Friday May 4,2019-05-03T14:00:00Z,guest,NA
Thursday May 3,2019-05-02T14:00:00Z,guest,NA
Wednesday May 2,2019-05-01T14:00:00Z,guest,NA
Tuesday May 1,2019-04-30T14:00:00Z,guest,NA
Monday April 30,2019-04-29T14:00:00Z,guest,NA
Friday April 27,2019-04-26T14:00:00Z,guest,NA
Friday May,NA,interviewee,NA
"

 Health Care Special",NA,interviewee,NA
Wednesday,NA,interviewee,NA
"

 Corangamite Special",NA,interviewee,NA
Monday May 6,2019-05-05T14:00:00Z,interviewee,NA
Friday May 3,2019-05-02T14:00:00Z,interviewee,NA
Thursday May 2,2019-05-01T14:00:00Z,interviewee,NA
Wednesday May 1,2019-04-30T14:00:00Z,interviewee,NA
Tuesday April 30,2019-04-29T14:00:00Z,interviewee,NA
Monday April 29,2019-04-28T14:00:00Z,interviewee,NA
"

 Rockhampton Special",NA,interviewee,NA
"

 Brisbane Special",NA,interviewee,NA
"

 Economics Special",NA,interviewee,NA
"

 Candidates Special",NA,interviewee,NA
Wednesday April 17,2019-04-16T14:00:00Z,interviewee,NA
"

 Election Special: Western Sydney",NA,interviewee,NA
Monday April 15,2019-04-14T14:00:00Z,interviewee,NA
Friday April 12,2019-04-11T14:00:00Z,interviewee,NA
Thursday April 11,2019-04-10T14:00:00Z,interviewee,NA
Wednesday April 10,2019-04-09T14:00:00Z,interviewee,NA
Tuesday April 9,2019-04-08T14:00:00Z,interviewee,NA
Monday April 8,2019-04-07T14:00:00Z,interviewee,NA
Friday April 5,2019-04-04T13:00:00Z,interviewee,NA
"

 Men's Special",NA,interviewee,NA
Tuesday April 02,2019-04-01T13:00:00Z,interviewee,NA
"

 Budget Special",NA,interviewee,NA
Monday April 01,2019-03-31T13:00:00Z,interviewee,NA
Thursday March 28,2019-03-27T13:00:00Z,interviewee,NA
Wednesday March 27,2019-03-26T13:00:00Z,interviewee,NA
Tuesday March 26,2019-03-25T13:00:00Z,interviewee,NA
Monday March 25,2019-03-24T13:00:00Z,interviewee,NA
Friday March 22,2019-03-21T13:00:00Z,interviewee,NA
Thursday March 21,2019-03-20T13:00:00Z,interviewee,NA
Wednesday March 20,2019-03-19T13:00:00Z,interviewee,NA
Tuesday March 19,2019-03-18T13:00:00Z,interviewee,NA
Monday March 18,2019-03-17T13:00:00Z,interviewee,NA
Friday March 15,2019-03-14T13:00:00Z,interviewee,NA
Thursday March 14,2019-03-13T13:00:00Z,interviewee,NA
Wednesday March 13,2019-03-12T13:00:00Z,interviewee,NA
Tuesday March 12,2019-03-11T13:00:00Z,interviewee,NA
Monday March 11,2019-03-10T13:00:00Z,interviewee,NA
Friday March 8,2019-03-07T13:00:00Z,interviewee,NA
Thursday March 7,2019-03-06T13:00:00Z,interviewee,NA
Wednesday March 6,2019-03-05T13:00:00Z,interviewee,NA
Tuesday March 5,2019-03-04T13:00:00Z,interviewee,NA
Monday March 4,2019-03-03T13:00:00Z,interviewee,NA
Friday March 1,2019-02-28T13:00:00Z,interviewee,NA
Thursday February 28,2019-02-27T13:00:00Z,interviewee,NA
Wednesday February 27,2019-02-26T13:00:00Z,interviewee,NA
Tuesday February 26,2019-02-25T13:00:00Z,interviewee,NA
Monday February 25,2019-02-24T13:00:00Z,interviewee,NA
Friday February 22,2019-02-21T13:00:00Z,interviewee,NA
Wednesday February 20,2019-02-19T13:00:00Z,interviewee,NA
Tuesday February 19,2019-02-18T13:00:00Z,interviewee,NA
Monday February 18,2019-02-17T13:00:00Z,interviewee,NA
Friday February 15,2019-02-14T13:00:00Z,interviewee,NA
Thursday February 14,2019-02-13T13:00:00Z,interviewee,NA
Wednesday February 13,2019-02-12T13:00:00Z,interviewee,NA
Tuesday February 12,2019-02-11T13:00:00Z,interviewee,NA
Monday February 11,2019-02-10T13:00:00Z,interviewee,NA
Friday February 8,2019-02-07T13:00:00Z,interviewee,NA
Thursday February 7,2019-02-06T13:00:00Z,interviewee,NA
Wednesday February 6,2019-02-05T13:00:00Z,interviewee,NA
Tuesday February 5,2019-02-04T13:00:00Z,interviewee,NA
Monday February 4,2019-02-03T13:00:00Z,interviewee,NA
Friday February 1,2019-01-31T13:00:00Z,interviewee,NA
Thursday January 31,2019-01-30T13:00:00Z,interviewee,NA
Wednesday January 30,2019-01-29T13:00:00Z,interviewee,NA
Tuesday January 29,2019-01-28T13:00:00Z,interviewee,NA
Monday January 28,2019-01-27T13:00:00Z,interviewee,NA
Friday January 25,2019-01-24T13:00:00Z,interviewee,NA
Thursday January 24,2019-01-23T13:00:00Z,interviewee,NA
Tuesday January 22,2019-01-21T13:00:00Z,interviewee,NA
Monday January 21,2019-01-20T13:00:00Z,interviewee,NA
Friday January 18,2019-01-17T13:00:00Z,interviewee,NA
Thursday January 17,2019-01-16T13:00:00Z,interviewee,NA
Wednesday January 16,2019-01-15T13:00:00Z,interviewee,NA
Tuesday January 15,2019-01-14T13:00:00Z,interviewee,NA
Monday January 14,2019-01-13T13:00:00Z,interviewee,NA
Friday January 11,2019-01-10T13:00:00Z,interviewee,NA
Thursday January 10,2019-01-09T13:00:00Z,interviewee,NA
Wednesday January 9,2019-01-08T13:00:00Z,interviewee,NA
Tuesday January 8,2019-01-07T13:00:00Z,interviewee,NA
Friday January 4,2019-01-03T13:00:00Z,interviewee,NA
Thursday January 3,2019-01-02T13:00:00Z,interviewee,NA
Wednesday January 2,2019-01-01T13:00:00Z,interviewee,NA
Friday December 21,2019-12-20T13:00:00Z,interviewee,NA
Thursday December 20,2019-12-19T13:00:00Z,interviewee,NA
Wednesday December 19,2019-12-18T13:00:00Z,interviewee,NA
Tuesday December 18,2019-12-17T13:00:00Z,interviewee,NA
Monday December 17,2019-12-16T13:00:00Z,interviewee,NA
Friday December 14,2019-12-13T13:00:00Z,interviewee,NA
Thursday December 13,2019-12-12T13:00:00Z,interviewee,NA
Wednesday December 12,2019-12-11T13:00:00Z,interviewee,NA
Tuesday December 11,2019-12-10T13:00:00Z,interviewee,NA
Monday December 10,2019-12-09T13:00:00Z,interviewee,NA
Friday December 7,2019-12-06T13:00:00Z,interviewee,NA
Thursday December 6,2019-12-05T13:00:00Z,interviewee,NA
Wednesday December 5,2019-12-04T13:00:00Z,interviewee,NA
Tuesday December 4,2019-12-03T13:00:00Z,interviewee,NA
Monday December 3,2019-12-02T13:00:00Z,interviewee,NA
Wednesday November 28,2019-11-27T13:00:00Z,interviewee,NA
Tuesday November 27,2019-11-26T13:00:00Z,interviewee,NA
Monday November 26,2019-11-25T13:00:00Z,interviewee,NA
Friday November 23,2019-11-22T13:00:00Z,interviewee,NA
Thursday November 22,2019-11-21T13:00:00Z,interviewee,NA
Wednesday November 21,2019-11-20T13:00:00Z,interviewee,NA
Monday November 19,2019-11-18T13:00:00Z,interviewee,NA
Thursday November 15,2019-11-14T13:00:00Z,interviewee,NA
Program November 14,NA,interviewee,NA
Monday November 12,2019-11-11T13:00:00Z,interviewee,NA
Sexual Assault Special Part Two,NA,interviewee,NA
Thursday November 8,2019-11-07T13:00:00Z,interviewee,NA
Wednesday November 7,2019-11-06T13:00:00Z,interviewee,NA
Monday November 5,2019-11-04T13:00:00Z,interviewee,NA
Friday November 2,2019-11-01T13:00:00Z,interviewee,NA
Thursday November 1,2019-10-31T13:00:00Z,interviewee,NA
Wednesday October 31,2019-10-30T13:00:00Z,interviewee,NA
Tuesday October 30,2019-10-29T13:00:00Z,interviewee,NA
Monday October 29,2019-10-28T13:00:00Z,interviewee,NA
Thursday October 25,2019-10-24T13:00:00Z,interviewee,NA
Wednesday October 24,2019-10-23T13:00:00Z,interviewee,NA
Tuesday October 23,2019-10-22T13:00:00Z,interviewee,NA
Monday October 22,2019-10-21T13:00:00Z,interviewee,NA
Friday October 19,2019-10-18T13:00:00Z,interviewee,NA
Thursday October 18,2019-10-17T13:00:00Z,interviewee,NA
Wednesday October 17,2019-10-16T13:00:00Z,interviewee,NA
Tuesday October 16,2019-10-15T13:00:00Z,interviewee,NA
Monday October 15,2019-10-14T13:00:00Z,interviewee,NA
Friday October 12,2019-10-11T13:00:00Z,interviewee,NA
Thursday October 11,2019-10-10T13:00:00Z,interviewee,NA
Wednesday October 10,2019-10-09T13:00:00Z,interviewee,NA
Tuesday October 9,2019-10-08T13:00:00Z,interviewee,NA
Monday October 8,2019-10-07T13:00:00Z,interviewee,NA
Friday October 5,2019-10-04T14:00:00Z,interviewee,NA
Thursday October 4,2019-10-03T14:00:00Z,interviewee,NA
Wednesday October 3,2019-10-02T14:00:00Z,interviewee,NA
Tuesday October 2,2019-10-01T14:00:00Z,interviewee,NA
Monday October 1,2019-09-30T14:00:00Z,interviewee,NA
Thursday September 28,2019-09-27T14:00:00Z,interviewee,NA
"

 The Drum: Sexual Assault Special",NA,interviewee,NA
Wednesday September 26,2019-09-25T14:00:00Z,interviewee,NA
Tuesday September 25,2019-09-24T14:00:00Z,interviewee,NA
Monday September 24,2019-09-23T14:00:00Z,interviewee,NA
Friday September 21,2019-09-20T14:00:00Z,interviewee,NA
Thursday September 20,2019-09-19T14:00:00Z,interviewee,NA
Wednesday September 19,2019-09-18T14:00:00Z,interviewee,NA
Tuesday September 19,2019-09-18T14:00:00Z,interviewee,NA
Monday September 17,2019-09-16T14:00:00Z,interviewee,NA
Friday September 14,2019-09-13T14:00:00Z,interviewee,NA
Thursday September 13,2019-09-12T14:00:00Z,interviewee,NA
Wednesday September 12,2019-09-11T14:00:00Z,interviewee,NA
Tuesday September 11,2019-09-10T14:00:00Z,interviewee,NA
Monday September 10,2019-09-09T14:00:00Z,interviewee,NA
Friday September 7,2019-09-06T14:00:00Z,interviewee,NA
Thursday September 6,2019-09-05T14:00:00Z,interviewee,NA
Wednesday September 6,2019-09-05T14:00:00Z,interviewee,NA
Monday September 3,2019-09-02T14:00:00Z,interviewee,NA
Friday August 31,2019-08-30T14:00:00Z,interviewee,NA
Thursday August 30,2019-08-29T14:00:00Z,interviewee,NA
Wednesday August 29,2019-08-28T14:00:00Z,interviewee,NA
Tuesday August 28,2019-08-27T14:00:00Z,interviewee,NA
Monday August 27,2019-08-26T14:00:00Z,interviewee,NA
Friday August 24,2019-08-23T14:00:00Z,interviewee,NA
Thursday August 23,2019-08-22T14:00:00Z,interviewee,NA
Wednesday August 22,2019-08-21T14:00:00Z,interviewee,NA
Tuesday August 21,2019-08-20T14:00:00Z,interviewee,NA
Monday August 20,2019-08-19T14:00:00Z,interviewee,NA
Friday August 17,2019-08-16T14:00:00Z,interviewee,NA
Thursday August 16,2019-08-15T14:00:00Z,interviewee,NA
Tuesday August 14,2019-08-13T14:00:00Z,interviewee,NA
Monday August 13,2019-08-12T14:00:00Z,interviewee,NA
Wednesday August 15,2019-08-14T14:00:00Z,interviewee,NA
Friday August 10,2019-08-09T14:00:00Z,interviewee,NA
Thursday August 9,2019-08-08T14:00:00Z,interviewee,NA
Wednesday August 8,2019-08-07T14:00:00Z,interviewee,NA
Tuesday August 7,2019-08-06T14:00:00Z,interviewee,NA
Monday August 6,2019-08-05T14:00:00Z,interviewee,NA
Garma 2018 special,NA,interviewee,NA
Garma 2018 special,NA,interviewee,NA
Thursday August 2,2019-08-01T14:00:00Z,interviewee,NA
Wednesday August 1,2019-07-31T14:00:00Z,interviewee,NA
Tuesday July 31,2019-07-30T14:00:00Z,interviewee,NA
Monday July 30,2019-07-29T14:00:00Z,interviewee,NA
Friday July 27,2019-07-26T14:00:00Z,interviewee,NA
Thursday July 26,2019-07-25T14:00:00Z,interviewee,NA
Wednesday July 25,2019-07-24T14:00:00Z,interviewee,NA
Tuesday July 24,2019-07-23T14:00:00Z,interviewee,NA
Monday July 23,2019-07-22T14:00:00Z,interviewee,NA
Friday July 20,2019-07-19T14:00:00Z,interviewee,NA
Thursday July 19,2019-07-18T14:00:00Z,interviewee,NA
Wednesday July 18,2019-07-17T14:00:00Z,interviewee,NA
Tuesday July 17,2019-07-16T14:00:00Z,interviewee,NA
Monday July 16,2019-07-15T14:00:00Z,interviewee,NA
Friday July 13,2019-07-12T14:00:00Z,interviewee,NA
Thursday July 12,2019-07-11T14:00:00Z,interviewee,NA
Wednesday July,NA,interviewee,NA
"Tuesday, July 10",2019-07-09T14:00:00Z,interviewee,NA
"Monday, July 9",2019-07-08T14:00:00Z,interviewee,NA
Friday July 6,2019-07-05T14:00:00Z,interviewee,NA
"Thursday, July 5",2019-07-04T14:00:00Z,interviewee,NA
Wednesday July 4,2019-07-03T14:00:00Z,interviewee,NA
Tuesday July 3,2019-07-02T14:00:00Z,interviewee,NA
Monday July 2,2019-07-01T14:00:00Z,interviewee,NA
Friday June 29,2019-06-28T14:00:00Z,interviewee,NA
Thursday June 28,2019-06-27T14:00:00Z,interviewee,NA
Wednesday June 27,2019-06-26T14:00:00Z,interviewee,NA
Monday June 25,2019-06-24T14:00:00Z,interviewee,NA
Tuesday June 26,2019-06-25T14:00:00Z,interviewee,NA
Friday June 22,2019-06-21T14:00:00Z,interviewee,NA
Thursday June 21,2019-06-20T14:00:00Z,interviewee,NA
Friday June 15,2019-06-14T14:00:00Z,interviewee,NA
Thursday June 14,2019-06-13T14:00:00Z,interviewee,NA
Wednesday June 20,2019-06-19T14:00:00Z,interviewee,NA
Tuesday June 19,2019-06-18T14:00:00Z,interviewee,NA
Monday June 18,2019-06-17T14:00:00Z,interviewee,NA
Wednesday June 13,2019-06-12T14:00:00Z,interviewee,NA
Tuesday June 12,2019-06-11T14:00:00Z,interviewee,NA
Monday June 11,2019-06-10T14:00:00Z,interviewee,NA
Friday June 8,2019-06-07T14:00:00Z,interviewee,NA
Thursday June 7,2019-06-06T14:00:00Z,interviewee,NA
Wednesday June 6,2019-06-05T14:00:00Z,interviewee,Ian Ramsay
Tuesday June 5,2019-06-04T14:00:00Z,interviewee,Merriden Varrall
Monday June 4,2019-06-03T14:00:00Z,interviewee,Ciara Sterling
Friday June 1,2019-05-31T14:00:00Z,interviewee,NA
Thursday May 31,2019-05-30T14:00:00Z,interviewee,Bri Lee
Thursday May 31,2019-05-30T14:00:00Z,interviewee,Mark Kenny
Wednesday May 30,2019-05-29T14:00:00Z,interviewee,Christopher Othen
Tuesday May 29,2019-05-28T14:00:00Z,interviewee,Ian Verrender
Monday May 28,2019-05-27T14:00:00Z,interviewee,NA
Friday May 25,2019-05-24T14:00:00Z,interviewee,NA
Thursday May 24,2019-05-23T14:00:00Z,interviewee,Dr Shanthi Robertson
Wednesday May 23,2019-05-22T14:00:00Z,interviewee,Dr Merriden Varrall
Tuesday May 22,2019-05-21T14:00:00Z,interviewee,Dr Carolyn Holbrook
Monday May 21,2019-05-20T14:00:00Z,interviewee,NA
Friday May 18,2019-05-17T14:00:00Z,interviewee,NA
Thursday May 17,2019-05-16T14:00:00Z,interviewee,Brad Tucker
Wednesday May 16,2019-05-15T14:00:00Z,interviewee,NA
Tuesday May 15,2019-05-14T14:00:00Z,interviewee,NA
Monday May 14,2019-05-13T14:00:00Z,interviewee,Dr Ian Wilson
Friday May 11,2019-05-10T14:00:00Z,interviewee,NA
Thursday May 10,2019-05-09T14:00:00Z,interviewee,Dr Ross Tapsell
Wednesday May 9,2019-05-08T14:00:00Z,interviewee,NA
Tuesday May 8,2019-05-07T14:00:00Z,interviewee,Pru Goward
Monday May 7,2019-05-06T14:00:00Z,interviewee,NA
Friday May 4,2019-05-03T14:00:00Z,interviewee,NA
Thursday May 3,2019-05-02T14:00:00Z,interviewee,Paul Farrell
Wednesday May 2,2019-05-01T14:00:00Z,interviewee,Dr Sarah Russell
Tuesday May 1,2019-04-30T14:00:00Z,interviewee,Melissa Davey
Monday April 30,2019-04-29T14:00:00Z,interviewee,NA
Friday April 27,2019-04-26T14:00:00Z,interviewee,NA
